{
  "config": {
    "run_name": "exp1_2",
    "out_dir": "./results",
    "seed": 1593995609,
    "device": null,
    "bs_train": 128,
    "bs_test": 40,
    "batches": 150,
    "epochs": 50,
    "early_stopping": 20,
    "checkpoints": null,
    "lr": 0.05,
    "reg": 0.01,
    "filters_per_layer": [
      64
    ],
    "layers_per_block": 8,
    "pool_every": 8,
    "hidden_dims": [
      512,
      256,
      128
    ],
    "model_type": "cnn",
    "kw": {}
  },
  "results": {
    "num_epochs": 20,
    "train_loss": [
      2.3035573800404867,
      2.302764762242635,
      2.302653539975484,
      2.302628704706828,
      2.302619573275248,
      2.3026140912373863,
      2.3026102924346925,
      2.302606972058614,
      2.3026045036315916,
      2.3026023387908934,
      2.3026006762186686,
      2.3025991249084474,
      2.3025978247324628,
      2.302596861521403,
      2.3025958712895713,
      2.3025951290130617,
      2.302594426472982,
      2.3025939226150514,
      2.30259339650472,
      2.302592940330505
    ],
    "train_acc": [
      9.588541666666666,
      9.942708333333334,
      10.177083333333334,
      9.947916666666666,
      9.96875,
      9.96875,
      9.96875,
      9.921875,
      9.984375,
      9.984375,
      9.984375,
      9.984375,
      9.984375,
      9.984375,
      9.984375,
      9.984375,
      9.984375,
      9.984375,
      9.984375,
      9.984375
    ],
    "test_loss": [
      2.302602181434631,
      2.302593091328939,
      2.302634242375692,
      2.30265412012736,
      2.302663461367289,
      2.3026672124862673,
      2.3026692787806193,
      2.302670766512553,
      2.3026719586054485,
      2.302671996752421,
      2.302672686576843,
      2.3026732540130617,
      2.302673406600952,
      2.3026736132303873,
      2.3026737054189046,
      2.30267417271932,
      2.3026745557785033,
      2.302674635251363,
      2.3026748784383138,
      2.3026743793487547
    ],
    "test_acc": [
      10.2,
      10.05,
      10.05,
      10.05,
      10.05,
      10.05,
      10.05,
      10.05,
      10.05,
      10.05,
      10.05,
      10.05,
      10.05,
      10.05,
      10.05,
      10.05,
      10.05,
      10.05,
      10.05,
      10.05
    ]
  }
}