{
  "config": {
    "run_name": "exp1_3",
    "out_dir": "./results",
    "seed": 22919288,
    "device": null,
    "bs_train": 128,
    "bs_test": 40,
    "batches": 150,
    "epochs": 50,
    "early_stopping": 20,
    "checkpoints": null,
    "lr": 0.05,
    "reg": 0.01,
    "filters_per_layer": [
      64,
      128,
      256
    ],
    "layers_per_block": 2,
    "pool_every": 8,
    "hidden_dims": [
      512,
      256,
      128
    ],
    "model_type": "cnn",
    "kw": {}
  },
  "results": {
    "num_epochs": 22,
    "train_loss": [
      2.303322375615438,
      2.3027321847279865,
      2.3026421165466306,
      2.302621250152588,
      2.3026137145360313,
      2.3026095755894977,
      2.302605986595154,
      2.302603635787964,
      2.302601631482442,
      2.30259996732076,
      2.3025985781351723,
      2.302597401936849,
      2.302596411705017,
      2.3025955708821613,
      2.3025947936375935,
      2.3025942055384316,
      2.3025936110814413,
      2.302593216896057,
      2.302592797279358,
      2.3025924428304037,
      2.3025921614964804,
      2.302591913541158
    ],
    "train_acc": [
      9.921875,
      9.661458333333334,
      9.817708333333334,
      9.880208333333334,
      9.880208333333334,
      9.90625,
      9.90625,
      9.90625,
      9.880208333333334,
      9.880208333333334,
      9.921875,
      9.921875,
      9.921875,
      9.921875,
      9.921875,
      9.921875,
      9.921875,
      9.921875,
      9.921875,
      9.921875,
      9.921875,
      9.921875
    ],
    "test_loss": [
      2.3027125501632693,
      2.30264129002889,
      2.302652454376221,
      2.302661337852478,
      2.302666120529175,
      2.3026695108413695,
      2.3026701704661052,
      2.3026703596115112,
      2.3026718505223593,
      2.302672168413798,
      2.3026728041966757,
      2.302672758102417,
      2.302673338254293,
      2.3026738675435383,
      2.3026736974716187,
      2.3026742792129515,
      2.302674298286438,
      2.3026745478312174,
      2.302674862543742,
      2.3026749801635744,
      2.302675143877665,
      2.302674881617228
    ],
    "test_acc": [
      10.016666666666667,
      10.05,
      10.05,
      10.05,
      10.05,
      10.05,
      10.05,
      10.05,
      10.05,
      10.05,
      10.05,
      10.05,
      10.05,
      10.05,
      10.05,
      10.05,
      10.05,
      10.05,
      10.05,
      10.05,
      10.05,
      10.05
    ]
  }
}