{
  "config": {
    "run_name": "exp1_2",
    "out_dir": "./results",
    "seed": 1721307104,
    "device": null,
    "bs_train": 128,
    "bs_test": 40,
    "batches": 150,
    "epochs": 50,
    "early_stopping": 20,
    "checkpoints": null,
    "lr": 0.05,
    "reg": 0.01,
    "filters_per_layer": [
      32
    ],
    "layers_per_block": 8,
    "pool_every": 8,
    "hidden_dims": [
      512,
      256,
      128
    ],
    "model_type": "cnn",
    "kw": {}
  },
  "results": {
    "num_epochs": 20,
    "train_loss": [
      2.3031616814931235,
      2.3026942110061643,
      2.3026291624704998,
      2.302615682284037,
      2.3026105785369873,
      2.3026073424021405,
      2.3026049931844077,
      2.3026024802525837,
      2.302600746154785,
      2.3025992059707643,
      2.3025978867212933,
      2.302596780459086,
      2.3025958363215127,
      2.302595035235087,
      2.3025944089889525,
      2.3025938129425048,
      2.302593315442403,
      2.30259295463562,
      2.3025925731658936,
      2.30259225209554
    ],
    "train_acc": [
      10.223958333333334,
      10.145833333333334,
      9.901041666666666,
      9.895833333333334,
      9.947916666666666,
      9.984375,
      10.036458333333334,
      10.036458333333334,
      10.036458333333334,
      10.036458333333334,
      10.036458333333334,
      10.036458333333334,
      10.036458333333334,
      10.036458333333334,
      10.036458333333334,
      10.036458333333334,
      10.036458333333334,
      10.036458333333334,
      10.036458333333334,
      10.036458333333334
    ],
    "test_loss": [
      2.3029379065831503,
      2.302730746269226,
      2.302687792778015,
      2.302677035331726,
      2.302674272855123,
      2.302673152287801,
      2.3026720555623372,
      2.3026726722717283,
      2.302672766049703,
      2.3026733112335207,
      2.30267341931661,
      2.3026735385258994,
      2.302674034436544,
      2.3026738595962524,
      2.302673592567444,
      2.3026739724477134,
      2.3026744651794435,
      2.302674551010132,
      2.302674682935079,
      2.302674732208252
    ],
    "test_acc": [
      10.05,
      10.05,
      10.05,
      10.05,
      10.05,
      10.05,
      10.05,
      10.05,
      10.05,
      10.05,
      10.05,
      10.05,
      10.05,
      10.05,
      10.05,
      10.05,
      10.05,
      10.05,
      10.05,
      10.05
    ]
  }
}