{
  "config": {
    "run_name": "exp1_1",
    "out_dir": "./results",
    "seed": 793058679,
    "device": null,
    "bs_train": 128,
    "bs_test": 40,
    "batches": 150,
    "epochs": 50,
    "early_stopping": 3,
    "checkpoints": null,
    "lr": 0.05,
    "reg": 0.005,
    "filters_per_layer": [
      32
    ],
    "layers_per_block": 4,
    "pool_every": 8,
    "hidden_dims": [
      512,
      256,
      128
    ],
    "model_type": "cnn",
    "kw": {}
  },
  "results": {
    "num_epochs": 20,
    "train_loss": [
      2.3029338709513345,
      2.302175801595052,
      2.301106923421224,
      2.2923006184895836,
      2.161246120929718,
      2.029098623593648,
      1.9363537033398945,
      1.8781389506657917,
      1.798590456644694,
      1.7409604986508687,
      1.689951106707255,
      1.647943472067515,
      1.6055393028259277,
      1.5710287928581237,
      1.5428061485290527,
      1.5217132369677226,
      1.4881674504280091,
      1.4716567063331605,
      1.4445057090123494,
      1.4190413848559063
    ],
    "train_acc": [
      10.09375,
      10.666666666666666,
      13.302083333333334,
      16.890625,
      20.286458333333332,
      26.510416666666668,
      30.348958333333332,
      32.786458333333336,
      35.723958333333336,
      38.28125,
      39.864583333333336,
      41.552083333333336,
      42.9375,
      44.015625,
      44.848958333333336,
      45.802083333333336,
      47.052083333333336,
      47.234375,
      48.46875,
      49.734375
    ],
    "test_loss": [
      2.302581844329834,
      2.301887470881144,
      2.300002155303955,
      2.2561027352015177,
      2.0436001857121786,
      1.924907906850179,
      1.8495555249849955,
      1.7878743410110474,
      1.7308796493212382,
      1.6714206822713216,
      1.611972147623698,
      1.5964375917116802,
      1.5582425928115844,
      1.5562799207369487,
      1.5537026842435202,
      1.529083555539449,
      1.495445608297984,
      1.5328728810946146,
      1.560204869111379,
      1.5507828656832376
    ],
    "test_acc": [
      10.2,
      10.066666666666666,
      15.55,
      16.15,
      27.1,
      31.233333333333334,
      33.95,
      36.5,
      38.75,
      41.416666666666664,
      43.983333333333334,
      43.85,
      45.03333333333333,
      45.233333333333334,
      45.1,
      45.85,
      46.833333333333336,
      45.4,
      45.0,
      45.35
    ]
  }
}