{
  "config": {
    "run_name": "exp1_1",
    "out_dir": "./results",
    "seed": 1006311448,
    "device": null,
    "bs_train": 128,
    "bs_test": 40,
    "batches": 150,
    "epochs": 50,
    "early_stopping": 3,
    "checkpoints": null,
    "lr": 0.05,
    "reg": 0.005,
    "filters_per_layer": [
      32
    ],
    "layers_per_block": 16,
    "pool_every": 8,
    "hidden_dims": [
      512,
      256,
      128
    ],
    "model_type": "cnn",
    "kw": {}
  },
  "results": {
    "num_epochs": 3,
    "train_loss": [
      2.303351119359334,
      2.3027355368932088,
      2.3026447836558024
    ],
    "train_acc": [
      10.098958333333334,
      10.046875,
      9.447916666666666
    ],
    "test_loss": [
      2.302571177482605,
      2.3025892400741577,
      2.3026400279998778
    ],
    "test_acc": [
      10.2,
      10.2,
      10.05
    ]
  }
}