{
  "config": {
    "run_name": "exp1_2",
    "out_dir": "./results",
    "seed": 295077058,
    "device": null,
    "bs_train": 128,
    "bs_test": 40,
    "batches": 150,
    "epochs": 50,
    "early_stopping": 3,
    "checkpoints": null,
    "lr": 0.05,
    "reg": 0.01,
    "filters_per_layer": [
      32
    ],
    "layers_per_block": 2,
    "pool_every": 2,
    "hidden_dims": [
      512,
      256,
      128
    ],
    "model_type": "cnn",
    "kw": {}
  },
  "results": {
    "num_epochs": 45,
    "train_loss": [
      2.302200798988342,
      2.2989765882492064,
      2.282449123064677,
      2.1661533800760906,
      2.0687833404541016,
      1.9930162922541301,
      1.9382597184181214,
      1.893579511642456,
      1.8565254712104797,
      1.8236746191978455,
      1.7907158128420513,
      1.76163761138916,
      1.7358761572837829,
      1.7120869088172912,
      1.6895170418421428,
      1.666686851978302,
      1.6443864607810974,
      1.6240169246991476,
      1.604163854122162,
      1.5852078048388163,
      1.5641234000523885,
      1.5496317863464355,
      1.5290909560521444,
      1.508529425462087,
      1.4946722968419393,
      1.4706723999977112,
      1.4516288940111797,
      1.427888154188792,
      1.4109709270795185,
      1.3806323075294495,
      1.3553929686546327,
      1.3387543487548828,
      1.3141375597318012,
      1.2900904774665833,
      1.2754397265116373,
      1.2486549520492554,
      1.2210020538171131,
      1.2050080978870392,
      1.183191622098287,
      1.1529139463106792,
      1.1395917348066966,
      1.0973249530792237,
      1.0773479545116424,
      1.0657304493586222,
      1.018494460185369
    ],
    "train_acc": [
      10.822916666666666,
      14.4375,
      16.015625,
      19.208333333333332,
      23.848958333333332,
      26.755208333333332,
      29.46875,
      31.6875,
      33.119791666666664,
      34.385416666666664,
      35.5625,
      36.598958333333336,
      37.536458333333336,
      38.541666666666664,
      39.385416666666664,
      40.28125,
      41.083333333333336,
      41.729166666666664,
      42.328125,
      43.229166666666664,
      43.65625,
      44.463541666666664,
      45.244791666666664,
      45.765625,
      46.276041666666664,
      47.333333333333336,
      48.15625,
      49.057291666666664,
      49.760416666666664,
      50.609375,
      51.291666666666664,
      52.364583333333336,
      52.864583333333336,
      53.776041666666664,
      54.635416666666664,
      55.21875,
      56.276041666666664,
      56.901041666666664,
      57.84375,
      58.708333333333336,
      59.770833333333336,
      61.265625,
      61.828125,
      62.40625,
      64.06770833333333
    ],
    "test_loss": [
      2.3008975124359132,
      2.29631639957428,
      2.243608218828837,
      2.0875267815589904,
      1.9956251454353333,
      1.9270890108744303,
      1.8657967360814411,
      1.8267724498112996,
      1.791747899055481,
      1.7576801411310832,
      1.7223141058286031,
      1.6935606908798218,
      1.6672564935684204,
      1.6453500572840374,
      1.6245246887207032,
      1.6021822627385458,
      1.5831894397735595,
      1.5644138216972352,
      1.5456478508313496,
      1.531841335296631,
      1.515655223528544,
      1.4992709279060363,
      1.4997468002637226,
      1.4828703864415487,
      1.4688263169924418,
      1.4487848814328512,
      1.4276022140185038,
      1.4195627244313558,
      1.4086385011672973,
      1.4083880360921224,
      1.4569255415598552,
      1.3710589496294658,
      1.4128964066505432,
      1.456229999065399,
      1.355380096435547,
      1.3856942733128865,
      1.2868439590930938,
      1.3237866195042929,
      1.339023272593816,
      1.2908045864105224,
      1.280718686580658,
      1.2640756344795228,
      1.593033275604248,
      1.4110198354721069,
      1.2976192319393158
    ],
    "test_acc": [
      11.85,
      14.983333333333333,
      14.533333333333333,
      23.116666666666667,
      26.316666666666666,
      29.15,
      32.61666666666667,
      34.0,
      35.45,
      36.766666666666666,
      38.4,
      39.28333333333333,
      40.15,
      41.11666666666667,
      41.916666666666664,
      42.666666666666664,
      43.06666666666667,
      43.916666666666664,
      44.46666666666667,
      45.1,
      45.3,
      46.333333333333336,
      46.483333333333334,
      47.18333333333333,
      47.63333333333333,
      48.31666666666667,
      49.0,
      49.43333333333333,
      49.8,
      49.516666666666666,
      48.21666666666667,
      50.71666666666667,
      49.516666666666666,
      48.15,
      51.5,
      51.03333333333333,
      53.13333333333333,
      52.516666666666666,
      52.85,
      53.833333333333336,
      54.0,
      54.8,
      47.35,
      51.6,
      54.416666666666664
    ]
  }
}