{
  "config": {
    "run_name": "exp1_1",
    "out_dir": "./results",
    "seed": 1248687753,
    "device": null,
    "bs_train": 128,
    "bs_test": 40,
    "batches": 150,
    "epochs": 50,
    "early_stopping": 3,
    "checkpoints": null,
    "lr": 0.05,
    "reg": 0.005,
    "filters_per_layer": [
      64
    ],
    "layers_per_block": 16,
    "pool_every": 8,
    "hidden_dims": [
      512,
      256,
      128
    ],
    "model_type": "cnn",
    "kw": {}
  },
  "results": {
    "num_epochs": 3,
    "train_loss": [
      2.3029142808914185,
      2.3026781860987344,
      2.302639708518982
    ],
    "train_acc": [
      10.098958333333334,
      9.552083333333334,
      9.890625
    ],
    "test_loss": [
      2.3025678555170694,
      2.3026184924443562,
      2.302648981412252
    ],
    "test_acc": [
      10.2,
      10.2,
      10.05
    ]
  }
}