{
  "config": {
    "run_name": "exp1_2",
    "out_dir": "./results",
    "seed": 646063757,
    "device": null,
    "bs_train": 128,
    "bs_test": 40,
    "batches": 150,
    "epochs": 50,
    "early_stopping": 20,
    "checkpoints": null,
    "lr": 0.05,
    "reg": 0.01,
    "filters_per_layer": [
      32
    ],
    "layers_per_block": 4,
    "pool_every": 4,
    "hidden_dims": [
      512,
      256,
      128
    ],
    "model_type": "cnn",
    "kw": {}
  },
  "results": {
    "num_epochs": 23,
    "train_loss": [
      2.3032426929473875,
      2.302666049003601,
      2.3025928020477293,
      2.302588113149007,
      2.3025921408335366,
      2.3025956519444786,
      2.3025976689656575,
      2.3025984160105386,
      2.3025983238220213,
      2.302597715059916,
      2.3025969012578327,
      2.3025960461298625,
      2.3025953006744384,
      2.3025946187973023,
      2.3025940736134847,
      2.302593569755554,
      2.3025931040445964,
      2.3025926876068117,
      2.3025923760732017,
      2.302592094739278,
      2.302591808636983,
      2.3025916544596354,
      2.302591462135315
    ],
    "train_acc": [
      9.8125,
      9.859375,
      9.59375,
      9.9375,
      10.036458333333334,
      9.958333333333334,
      9.953125,
      9.953125,
      9.958333333333334,
      10.010416666666666,
      10.046875,
      10.046875,
      10.046875,
      10.046875,
      10.052083333333334,
      10.036458333333334,
      10.036458333333334,
      10.036458333333334,
      10.036458333333334,
      10.036458333333334,
      10.036458333333334,
      10.036458333333334,
      10.036458333333334
    ],
    "test_loss": [
      2.302753774325053,
      2.3026339960098268,
      2.302636504173279,
      2.3026496680577595,
      2.302659633954366,
      2.3026660887400308,
      2.302670019467672,
      2.302672297159831,
      2.3026735242207845,
      2.302674331665039,
      2.302674514452616,
      2.30267497698466,
      2.302675116856893,
      2.3026750723520917,
      2.302675174077352,
      2.3026753393809,
      2.302674848238627,
      2.302675100962321,
      2.3026752297083535,
      2.3026751629511515,
      2.302675412495931,
      2.302675202687581,
      2.3026753600438434
    ],
    "test_acc": [
      10.016666666666667,
      10.016666666666667,
      10.05,
      10.05,
      10.05,
      10.05,
      10.05,
      10.05,
      10.05,
      10.05,
      10.05,
      10.05,
      10.05,
      10.05,
      10.05,
      10.05,
      10.05,
      10.05,
      10.05,
      10.05,
      10.05,
      10.05,
      10.05
    ]
  }
}