{
  "config": {
    "run_name": "exp1_2",
    "out_dir": "./results",
    "seed": 1129949094,
    "device": null,
    "bs_train": 128,
    "bs_test": 40,
    "batches": 150,
    "epochs": 50,
    "early_stopping": 20,
    "checkpoints": null,
    "lr": 0.05,
    "reg": 0.01,
    "filters_per_layer": [
      64
    ],
    "layers_per_block": 4,
    "pool_every": 4,
    "hidden_dims": [
      512,
      256,
      128
    ],
    "model_type": "cnn",
    "kw": {}
  },
  "results": {
    "num_epochs": 22,
    "train_loss": [
      2.302994956970215,
      2.302542413075765,
      2.3024905188878377,
      2.302503105799357,
      2.3025276931126912,
      2.3025512329737343,
      2.302569603919983,
      2.3025819476445517,
      2.302589446703593,
      2.3025934966405233,
      2.302595361073812,
      2.3025960048039753,
      2.302595976193746,
      2.30259560585022,
      2.3025950733820597,
      2.302594478925069,
      2.3025939718882245,
      2.3025934521357216,
      2.3025930229822795,
      2.3025926192601522,
      2.3025923347473145,
      2.302592083613078
    ],
    "train_acc": [
      10.119791666666666,
      10.255208333333334,
      9.854166666666666,
      10.0,
      9.984375,
      9.947916666666666,
      9.921875,
      9.921875,
      9.921875,
      9.921875,
      9.921875,
      9.921875,
      9.921875,
      9.921875,
      9.921875,
      9.921875,
      9.921875,
      9.921875,
      9.921875,
      9.921875,
      9.921875,
      9.921875
    ],
    "test_loss": [
      2.302578412691752,
      2.3025010617574058,
      2.302522389094035,
      2.3025567626953123,
      2.3025891955693565,
      2.30261625289917,
      2.3026359558105467,
      2.3026495138804117,
      2.3026582193374634,
      2.3026637013753257,
      2.302667137781779,
      2.302669440905253,
      2.3026706663767498,
      2.302671855290731,
      2.3026723035176597,
      2.302672891616821,
      2.3026733843485516,
      2.3026737419764203,
      2.3026736783981323,
      2.30267386118571,
      2.302674382527669,
      2.30267435391744
    ],
    "test_acc": [
      9.666666666666666,
      10.05,
      10.05,
      10.05,
      10.05,
      10.05,
      10.05,
      10.05,
      10.05,
      10.05,
      10.05,
      10.05,
      10.05,
      10.05,
      10.05,
      10.05,
      10.05,
      10.05,
      10.05,
      10.05,
      10.05,
      10.05
    ]
  }
}