{
  "config": {
    "run_name": "exp1_1",
    "out_dir": "./results",
    "seed": 698616998,
    "device": null,
    "bs_train": 128,
    "bs_test": 40,
    "batches": 150,
    "epochs": 50,
    "early_stopping": 3,
    "checkpoints": null,
    "lr": 0.05,
    "reg": 0.005,
    "filters_per_layer": [
      32
    ],
    "layers_per_block": 8,
    "pool_every": 8,
    "hidden_dims": [
      512,
      256,
      128
    ],
    "model_type": "cnn",
    "kw": {}
  },
  "results": {
    "num_epochs": 3,
    "train_loss": [
      2.3033203125,
      2.30273507754008,
      2.302648852666219
    ],
    "train_acc": [
      10.072916666666666,
      9.869791666666666,
      9.776041666666666
    ],
    "test_loss": [
      2.3027645444869993,
      2.3026676273345945,
      2.3026722415288288
    ],
    "test_acc": [
      10.05,
      10.05,
      10.05
    ]
  }
}