{
  "config": {
    "run_name": "exp1_1",
    "out_dir": "./results",
    "seed": 2049955641,
    "device": null,
    "bs_train": 128,
    "bs_test": 40,
    "batches": 150,
    "epochs": 50,
    "early_stopping": 3,
    "checkpoints": null,
    "lr": 0.05,
    "reg": 0.005,
    "filters_per_layer": [
      64
    ],
    "layers_per_block": 4,
    "pool_every": 8,
    "hidden_dims": [
      512,
      256,
      128
    ],
    "model_type": "cnn",
    "kw": {}
  },
  "results": {
    "num_epochs": 19,
    "train_loss": [
      2.302897973060608,
      2.302096667289734,
      2.3002791817982993,
      2.269582568804423,
      2.111339062054952,
      1.9809333976109822,
      1.9182334876060485,
      1.8703192241986593,
      1.81680677652359,
      1.7654216591517131,
      1.7285178804397583,
      1.6849199875195822,
      1.6469580793380738,
      1.6142240818341573,
      1.577330495516459,
      1.5437198877334595,
      1.5197606293360393,
      1.4910304562250773,
      1.4618452827135722
    ],
    "train_acc": [
      10.005208333333334,
      10.921875,
      14.973958333333334,
      17.401041666666668,
      22.1875,
      28.041666666666668,
      30.401041666666668,
      32.526041666666664,
      35.229166666666664,
      37.296875,
      39.020833333333336,
      40.510416666666664,
      41.588541666666664,
      43.223958333333336,
      44.25,
      45.473958333333336,
      46.25,
      47.270833333333336,
      48.385416666666664
    ],
    "test_loss": [
      2.3026187149683635,
      2.301667434374491,
      2.2980300680796306,
      2.3188232453664144,
      1.9733781599998474,
      1.8944115948677063,
      1.853444411754608,
      1.7826450896263122,
      1.7240946968396504,
      1.7005779433250428,
      1.6776382040977478,
      1.6736099926630656,
      1.6344419447580973,
      1.593235596815745,
      1.558964074452718,
      1.5473367047309876,
      1.5501171414057413,
      1.5568665488560995,
      1.7405859621365865
    ],
    "test_acc": [
      12.566666666666666,
      12.366666666666667,
      19.283333333333335,
      10.066666666666666,
      28.1,
      31.716666666666665,
      33.53333333333333,
      35.93333333333333,
      38.35,
      39.95,
      40.766666666666666,
      40.88333333333333,
      42.0,
      43.68333333333333,
      44.71666666666667,
      45.28333333333333,
      45.21666666666667,
      44.733333333333334,
      41.38333333333333
    ]
  }
}