{
  "config": {
    "run_name": "exp1_4",
    "out_dir": "./results",
    "seed": 2146358168,
    "device": null,
    "bs_train": 128,
    "bs_test": 40,
    "batches": 150,
    "epochs": 50,
    "early_stopping": 10,
    "checkpoints": null,
    "lr": 0.03,
    "reg": 0.001,
    "filters_per_layer": [
      64,
      128,
      256
    ],
    "layers_per_block": 2,
    "pool_every": 12,
    "hidden_dims": [
      512,
      256,
      128
    ],
    "model_type": "resnet",
    "kw": {}
  },
  "results": {
    "num_epochs": 40,
    "train_loss": [
      2.172328068415324,
      1.9762506977717083,
      1.8757206312815349,
      1.8026905512809754,
      1.744268250465393,
      1.6941686375935872,
      1.6521143333117168,
      1.6140865278244019,
      1.5784517288208009,
      1.5450681455930073,
      1.5118217698733012,
      1.4811385480562846,
      1.4493151497840882,
      1.4200490665435792,
      1.388970177968343,
      1.356865463256836,
      1.3259495464960733,
      1.2905820393562317,
      1.2577167216936747,
      1.224397857983907,
      1.1973159074783326,
      1.1526746952533722,
      1.123201872110367,
      1.0681400072574616,
      1.0381046152114868,
      0.9934585336844126,
      0.9488556651274364,
      0.9146743909517924,
      0.8595103549957276,
      0.790850394765536,
      0.7396125719944636,
      0.6939732499917348,
      0.6151400798559189,
      0.5514917673667272,
      0.4809496746460597,
      0.407669426202774,
      0.34512480547030766,
      0.28263069371382393,
      0.28041425401965775,
      0.20241274448732535
    ],
    "train_acc": [
      19.364583333333332,
      28.171875,
      32.338541666666664,
      34.953125,
      36.958333333333336,
      38.921875,
      40.796875,
      42.489583333333336,
      43.802083333333336,
      45.026041666666664,
      46.416666666666664,
      47.317708333333336,
      48.572916666666664,
      49.791666666666664,
      50.90625,
      52.1875,
      53.239583333333336,
      54.567708333333336,
      55.807291666666664,
      56.927083333333336,
      57.942708333333336,
      59.411458333333336,
      60.40625,
      62.385416666666664,
      63.552083333333336,
      65.13541666666667,
      66.89583333333333,
      68.25520833333333,
      70.08854166666667,
      72.47395833333333,
      74.44791666666667,
      76.08333333333333,
      79.11979166666667,
      81.22395833333333,
      84.18229166666667,
      86.80208333333333,
      89.17708333333333,
      91.78125,
      92.25,
      94.50520833333333
    ],
    "test_loss": [
      2.023014050324758,
      1.8877732642491658,
      1.803079946041107,
      1.7368718997637431,
      1.6835162162780761,
      1.6449011667569478,
      1.619664626121521,
      1.5970744562149048,
      1.5774261085192363,
      1.551280109087626,
      1.5293500542640686,
      1.508369923432668,
      1.489827987353007,
      1.4745157353083294,
      1.4724542419115703,
      1.4734194572766621,
      1.4598999989032746,
      1.4480071171124775,
      1.4151862605412802,
      1.4151933284600575,
      1.3979659497737884,
      1.37051780462265,
      1.349442535241445,
      1.3314430729548137,
      1.3731171468893686,
      1.2958063554763795,
      1.2927417361736298,
      1.3047970139980316,
      1.6363897943496704,
      1.3301005605856577,
      1.4482235558827719,
      1.4835822335879008,
      1.5330398412545523,
      1.4237437756856282,
      1.9220759733517965,
      2.4979412388801574,
      1.677028886874517,
      1.927887621720632,
      1.8764798879623412,
      1.5627741400400799
    ],
    "test_acc": [
      25.666666666666668,
      30.933333333333334,
      35.88333333333333,
      38.03333333333333,
      39.7,
      41.13333333333333,
      42.0,
      42.81666666666667,
      43.6,
      44.46666666666667,
      45.65,
      46.6,
      47.1,
      47.61666666666667,
      48.1,
      47.56666666666667,
      48.083333333333336,
      48.666666666666664,
      50.0,
      50.03333333333333,
      50.45,
      51.65,
      52.3,
      52.63333333333333,
      52.65,
      54.43333333333333,
      55.4,
      55.68333333333333,
      49.11666666666667,
      56.05,
      53.733333333333334,
      53.63333333333333,
      53.45,
      55.833333333333336,
      48.233333333333334,
      43.81666666666667,
      54.233333333333334,
      51.4,
      54.083333333333336,
      52.81666666666667
    ]
  }
}