{
  "config": {
    "run_name": "exp1_2",
    "out_dir": "./results",
    "seed": 1773003534,
    "device": null,
    "bs_train": 128,
    "bs_test": 40,
    "batches": 150,
    "epochs": 50,
    "early_stopping": 3,
    "checkpoints": null,
    "lr": 0.05,
    "reg": 0.01,
    "filters_per_layer": [
      128
    ],
    "layers_per_block": 2,
    "pool_every": 2,
    "hidden_dims": [
      512,
      256,
      128
    ],
    "model_type": "cnn",
    "kw": {}
  },
  "results": {
    "num_epochs": 35,
    "train_loss": [
      2.2870114930470784,
      2.1757727734247845,
      2.0458870402971905,
      1.9539062595367431,
      1.882281367778778,
      1.828235112031301,
      1.7824086157480876,
      1.7460192934672039,
      1.712093113263448,
      1.6725793584187825,
      1.6381023303667703,
      1.606698265870412,
      1.5751621389389039,
      1.5426605208714803,
      1.5121855076154074,
      1.482315527598063,
      1.4529376578330995,
      1.4272117853164672,
      1.4010709794362386,
      1.3782288630803425,
      1.3539978830019632,
      1.338192623456319,
      1.3040415294965109,
      1.2759764949480692,
      1.257636435031891,
      1.2240203249454498,
      1.21906773964564,
      1.167296276887258,
      1.1448924402395884,
      1.113744285106659,
      1.0790360923608144,
      1.0615501395861309,
      1.0482116941610973,
      0.9942329748471578,
      0.9648692846298218
    ],
    "train_acc": [
      13.614583333333334,
      19.046875,
      25.078125,
      29.291666666666668,
      32.046875,
      34.333333333333336,
      36.057291666666664,
      37.369791666666664,
      38.776041666666664,
      40.052083333333336,
      41.265625,
      42.322916666666664,
      43.369791666666664,
      44.416666666666664,
      45.692708333333336,
      46.4375,
      47.5625,
      48.536458333333336,
      49.609375,
      50.484375,
      51.411458333333336,
      52.0625,
      53.34375,
      54.34375,
      55.072916666666664,
      56.479166666666664,
      56.75,
      58.59375,
      59.234375,
      60.5,
      61.572916666666664,
      62.723958333333336,
      62.979166666666664,
      65.32291666666667,
      66.27083333333333
    ],
    "test_loss": [
      2.249974365234375,
      2.1079474957784017,
      1.9720816500981648,
      1.8697195935249329,
      1.802783161799113,
      1.750012972354889,
      1.705777850151062,
      1.6654099027315776,
      1.6282431991895039,
      1.5945749147733053,
      1.5658205405871073,
      1.540295725663503,
      1.5225683482487997,
      1.504024953842163,
      1.511359076499939,
      1.5229970224698384,
      1.4715208435058593,
      1.4431828276316325,
      1.4424957529703777,
      1.442073716322581,
      1.3792459177970886,
      1.3951148581504822,
      1.4257971199353536,
      1.3794355062643686,
      1.416001055240631,
      1.3368003674348194,
      1.2827589042981467,
      1.3317021918296814,
      1.2865706237157186,
      1.2688026547431945,
      1.2915979464848837,
      1.2205664892991384,
      1.297998651266098,
      1.2501795915762584,
      1.2956529307365416
    ],
    "test_acc": [
      11.933333333333334,
      22.066666666666666,
      27.333333333333332,
      31.633333333333333,
      35.083333333333336,
      37.1,
      38.93333333333333,
      40.43333333333333,
      41.516666666666666,
      42.833333333333336,
      44.03333333333333,
      44.88333333333333,
      45.88333333333333,
      46.06666666666667,
      46.06666666666667,
      45.9,
      47.15,
      48.4,
      48.6,
      48.63333333333333,
      50.483333333333334,
      50.15,
      49.81666666666667,
      51.28333333333333,
      50.3,
      52.7,
      54.5,
      52.96666666666667,
      53.95,
      55.21666666666667,
      54.03333333333333,
      56.56666666666667,
      54.7,
      56.03333333333333,
      54.333333333333336
    ]
  }
}