{
  "config": {
    "run_name": "exp1_2",
    "out_dir": "./results",
    "seed": 1983229490,
    "device": null,
    "bs_train": 128,
    "bs_test": 40,
    "batches": 150,
    "epochs": 50,
    "early_stopping": 3,
    "checkpoints": null,
    "lr": 0.05,
    "reg": 0.01,
    "filters_per_layer": [
      256
    ],
    "layers_per_block": 4,
    "pool_every": 4,
    "hidden_dims": [
      512,
      256,
      128
    ],
    "model_type": "cnn",
    "kw": {}
  },
  "results": {
    "num_epochs": 28,
    "train_loss": [
      2.3031700070699057,
      2.3018268569310507,
      2.3006107997894287,
      2.2939825757344563,
      2.2006205399831136,
      2.117053835391998,
      2.0278700041770934,
      1.9728166111310323,
      1.9380503034591674,
      1.9088544138272603,
      1.8809968574841818,
      1.8610574952761332,
      1.8338195586204529,
      1.8043892653783162,
      1.7725425299008688,
      1.7428812368710835,
      1.7257380096117656,
      1.6998942399024963,
      1.6782741578420004,
      1.6592957870165508,
      1.6364411870638529,
      1.6238528283437093,
      1.6022014872233072,
      1.6002750285466512,
      1.5802962835629781,
      1.5568278654416403,
      1.564050440788269,
      1.5312747438748677
    ],
    "train_acc": [
      10.03125,
      10.25,
      12.130208333333334,
      16.171875,
      17.651041666666668,
      22.625,
      27.588541666666668,
      29.802083333333332,
      30.916666666666668,
      31.744791666666668,
      32.671875,
      33.453125,
      34.640625,
      35.510416666666664,
      36.739583333333336,
      37.734375,
      38.15625,
      39.651041666666664,
      40.8125,
      41.453125,
      42.057291666666664,
      42.338541666666664,
      43.416666666666664,
      43.526041666666664,
      44.130208333333336,
      44.963541666666664,
      44.791666666666664,
      45.734375
    ],
    "test_loss": [
      2.302076342900594,
      2.3012654050191244,
      2.299497351646423,
      2.2721324412027997,
      2.1523882579803466,
      2.043887952963511,
      1.9687546968460083,
      1.920687657992045,
      1.8932705251375834,
      1.859747868378957,
      1.8088833340009054,
      1.7902920150756836,
      1.758404061794281,
      1.7589373215039572,
      1.7010355011622111,
      1.6847766900062562,
      1.6838359594345094,
      1.6359801650047303,
      1.6322238159179687,
      1.6274658377965292,
      1.600843103726705,
      1.6121561201413472,
      1.6406947763760884,
      1.5902765854199727,
      1.595676409403483,
      1.6397265775998433,
      1.599076477686564,
      1.6869580801328024
    ],
    "test_acc": [
      9.933333333333334,
      9.933333333333334,
      17.183333333333334,
      14.316666666666666,
      20.966666666666665,
      26.2,
      30.1,
      32.21666666666667,
      32.983333333333334,
      33.68333333333333,
      35.266666666666666,
      35.3,
      36.71666666666667,
      36.916666666666664,
      38.71666666666667,
      39.4,
      39.983333333333334,
      42.15,
      42.11666666666667,
      42.88333333333333,
      43.766666666666666,
      43.46666666666667,
      42.416666666666664,
      43.916666666666664,
      44.516666666666666,
      42.733333333333334,
      44.38333333333333,
      41.78333333333333
    ]
  }
}