{
  "config": {
    "run_name": "exp1_4",
    "out_dir": "./results",
    "seed": 65106178,
    "device": null,
    "bs_train": 128,
    "bs_test": 40,
    "batches": 150,
    "epochs": 50,
    "early_stopping": 3,
    "checkpoints": null,
    "lr": 0.05,
    "reg": 0.001,
    "filters_per_layer": [
      32
    ],
    "layers_per_block": 32,
    "pool_every": 16,
    "hidden_dims": [
      512,
      256,
      128
    ],
    "model_type": "resnet",
    "kw": {}
  },
  "results": {
    "num_epochs": 49,
    "train_loss": [
      2.2973823324839273,
      2.2620281887054445,
      2.150539344151815,
      2.091578800678253,
      2.044500460624695,
      2.0052523763974506,
      1.9660969837506612,
      1.9224903178215027,
      1.8756636993090312,
      1.8258466410636902,
      1.7721255683898927,
      1.718754340807597,
      1.671795307000478,
      1.6310186386108398,
      1.5968787137667337,
      1.5665521550178527,
      1.53832910378774,
      1.5133005475997925,
      1.4901737260818482,
      1.4687568902969361,
      1.44825532913208,
      1.4290049370129903,
      1.4105648279190064,
      1.3912558881441752,
      1.3738227065404256,
      1.3561094625790915,
      1.3391313974062602,
      1.3220246728261311,
      1.3053454772631328,
      1.2890025639533997,
      1.2706461731592815,
      1.2556711117426553,
      1.2381137390931447,
      1.2208880098660786,
      1.2027498579025269,
      1.1880731956164041,
      1.171730759938558,
      1.1535501662890117,
      1.1395175528526307,
      1.1263823902606964,
      1.1035911059379577,
      1.082553657690684,
      1.073246000210444,
      1.0608439564704895,
      1.0381952043374378,
      1.024942348798116,
      1.006981215874354,
      0.9928262563546498,
      0.9610512296358744
    ],
    "train_acc": [
      12.447916666666666,
      18.286458333333332,
      19.911458333333332,
      21.729166666666668,
      23.65625,
      25.166666666666668,
      26.78125,
      28.723958333333332,
      30.833333333333332,
      33.0,
      35.213541666666664,
      37.432291666666664,
      39.333333333333336,
      41.015625,
      42.432291666666664,
      43.6875,
      44.895833333333336,
      45.864583333333336,
      46.692708333333336,
      47.401041666666664,
      48.098958333333336,
      48.770833333333336,
      49.4375,
      50.15625,
      50.557291666666664,
      51.213541666666664,
      51.8125,
      52.390625,
      52.833333333333336,
      53.557291666666664,
      54.161458333333336,
      54.864583333333336,
      55.244791666666664,
      56.140625,
      56.859375,
      57.135416666666664,
      57.854166666666664,
      58.96875,
      59.416666666666664,
      59.786458333333336,
      60.739583333333336,
      61.473958333333336,
      61.963541666666664,
      62.494791666666664,
      63.416666666666664,
      63.625,
      64.46875,
      65.08333333333333,
      66.09895833333333
    ],
    "test_loss": [
      2.289211951891581,
      2.2084507767359414,
      2.105935217539469,
      2.0492011737823486,
      2.0184778436024984,
      1.9873315008481343,
      1.9491593718528748,
      1.897267874876658,
      1.8359256839752198,
      1.7727469563484193,
      1.709275708993276,
      1.6578189508120218,
      1.6209412097930909,
      1.5957668328285217,
      1.5683245460192363,
      1.5484648648897807,
      1.53689949909846,
      1.5272807439168294,
      1.5198808693885804,
      1.511189414660136,
      1.5086376690864562,
      1.5001867985725403,
      1.4974035199483235,
      1.4935558088620504,
      1.473447904586792,
      1.4696114667256672,
      1.4614749801158906,
      1.4442286392052968,
      1.425413426955541,
      1.4128067922592162,
      1.4233093746503194,
      1.3870948958396911,
      1.4009703775246938,
      1.3764024039109548,
      1.3881869153181712,
      1.291633535226186,
      1.3323321135838826,
      1.2800098339716592,
      1.3477686329682668,
      1.2630418960253398,
      1.2809634153048197,
      1.3583138803641002,
      1.2840935015678405,
      1.254637105067571,
      1.2781789656480154,
      1.2596016379197439,
      1.2750419104099273,
      1.3168849444389343,
      1.3097995082537333
    ],
    "test_acc": [
      15.283333333333333,
      20.9,
      21.2,
      24.016666666666666,
      24.9,
      26.133333333333333,
      28.05,
      30.283333333333335,
      32.13333333333333,
      34.766666666666666,
      37.766666666666666,
      40.03333333333333,
      41.43333333333333,
      42.36666666666667,
      43.333333333333336,
      44.233333333333334,
      44.81666666666667,
      45.3,
      45.166666666666664,
      45.53333333333333,
      45.53333333333333,
      45.75,
      45.983333333333334,
      46.03333333333333,
      46.65,
      46.916666666666664,
      47.18333333333333,
      48.233333333333334,
      48.766666666666666,
      49.233333333333334,
      49.15,
      50.3,
      50.1,
      50.75,
      50.71666666666667,
      53.05,
      52.28333333333333,
      53.71666666666667,
      52.43333333333333,
      54.916666666666664,
      54.53333333333333,
      53.233333333333334,
      55.0,
      55.53333333333333,
      55.81666666666667,
      56.21666666666667,
      55.68333333333333,
      54.766666666666666,
      55.6
    ]
  }
}