{
  "config": {
    "run_name": "exp1_3",
    "out_dir": "./results",
    "seed": 164117917,
    "device": null,
    "bs_train": 128,
    "bs_test": 40,
    "batches": 150,
    "epochs": 50,
    "early_stopping": 20,
    "checkpoints": null,
    "lr": 0.05,
    "reg": 0.01,
    "filters_per_layer": [
      64,
      128,
      256
    ],
    "layers_per_block": 4,
    "pool_every": 8,
    "hidden_dims": [
      512,
      256,
      128
    ],
    "model_type": "cnn",
    "kw": {}
  },
  "results": {
    "num_epochs": 22,
    "train_loss": [
      2.303399658203125,
      2.3027278327941896,
      2.30263396581014,
      2.302617131868998,
      2.3026115878423057,
      2.30260822614034,
      2.3026055812835695,
      2.302603413263957,
      2.302601507504781,
      2.302599919637044,
      2.302598527272542,
      2.3025974527994792,
      2.3025964562098187,
      2.302595583597819,
      2.3025948588053384,
      2.3025942516326903,
      2.3025936571757,
      2.3025932025909426,
      2.3025928195317586,
      2.3025924571355185,
      2.302592174212138,
      2.302591921488444
    ],
    "train_acc": [
      9.671875,
      9.703125,
      9.651041666666666,
      9.776041666666666,
      9.890625,
      9.96875,
      10.036458333333334,
      10.036458333333334,
      10.036458333333334,
      10.036458333333334,
      10.036458333333334,
      10.036458333333334,
      10.036458333333334,
      10.036458333333334,
      10.036458333333334,
      10.036458333333334,
      10.036458333333334,
      10.036458333333334,
      10.036458333333334,
      10.036458333333334,
      10.036458333333334,
      10.036458333333334
    ],
    "test_loss": [
      2.303076918919881,
      2.3027715396881105,
      2.3027060572306315,
      2.302687970797221,
      2.3026814889907836,
      2.3026793813705444,
      2.3026782417297365,
      2.302677421569824,
      2.3026769256591795,
      2.302676491737366,
      2.302676124572754,
      2.3026760721206667,
      2.302675848007202,
      2.3026758941014607,
      2.302675550778707,
      2.302675682703654,
      2.30267591158549,
      2.302675607999166,
      2.3026757208506266,
      2.3026750469207764,
      2.302675739924113,
      2.30267524878184
    ],
    "test_acc": [
      9.666666666666666,
      10.05,
      10.05,
      10.05,
      10.05,
      10.05,
      10.05,
      10.05,
      10.05,
      10.05,
      10.05,
      10.05,
      10.05,
      10.05,
      10.05,
      10.05,
      10.05,
      10.05,
      10.05,
      10.05,
      10.05,
      10.05
    ]
  }
}