{
  "config": {
    "run_name": "exp1_3",
    "out_dir": "./results",
    "seed": 1729463036,
    "device": null,
    "bs_train": 128,
    "bs_test": 40,
    "batches": 150,
    "epochs": 50,
    "early_stopping": 20,
    "checkpoints": null,
    "lr": 0.05,
    "reg": 0.01,
    "filters_per_layer": [
      64,
      128,
      256
    ],
    "layers_per_block": 1,
    "pool_every": 8,
    "hidden_dims": [
      512,
      256,
      128
    ],
    "model_type": "cnn",
    "kw": {}
  },
  "results": {
    "num_epochs": 50,
    "train_loss": [
      2.2625051307678223,
      2.077138812541962,
      1.9474498375256857,
      1.8600327507654826,
      1.7994136253992716,
      1.7419105378786723,
      1.6952947823206583,
      1.6583878556887308,
      1.6263824884096783,
      1.600215675830841,
      1.5764144055048626,
      1.561035280227661,
      1.5319056232770285,
      1.5130961243311565,
      1.4942679818471272,
      1.4801821136474609,
      1.4581579772631328,
      1.4446398075421651,
      1.4236499937375386,
      1.4129729922612508,
      1.4040923150380453,
      1.3796528792381286,
      1.3601024047533672,
      1.329228622118632,
      1.3414560135205587,
      1.2969028743108113,
      1.2822496167818704,
      1.2708870792388915,
      1.2624591819445292,
      1.222076057990392,
      1.2096594973405201,
      1.1959611789385478,
      1.169201630751292,
      1.1419456525643668,
      1.108606136639913,
      1.0804736272493998,
      1.0695170199871062,
      1.0664965848128,
      0.9934582487742106,
      0.9603557519117991,
      0.9608111782868703,
      0.8603457121054331,
      0.8302121782302856,
      0.8839500085512797,
      0.7509920320908229,
      0.7769816450277964,
      0.6916071075201035,
      0.6943061655759811,
      0.5951773498455684,
      0.5368055727084478
    ],
    "train_acc": [
      16.114583333333332,
      24.90625,
      29.838541666666668,
      33.317708333333336,
      35.671875,
      37.911458333333336,
      39.71875,
      41.114583333333336,
      42.197916666666664,
      43.145833333333336,
      44.072916666666664,
      44.723958333333336,
      45.614583333333336,
      46.458333333333336,
      47.223958333333336,
      47.630208333333336,
      48.317708333333336,
      48.833333333333336,
      49.609375,
      50.244791666666664,
      50.427083333333336,
      51.15625,
      52.286458333333336,
      53.197916666666664,
      53.119791666666664,
      54.817708333333336,
      55.151041666666664,
      55.588541666666664,
      55.739583333333336,
      57.255208333333336,
      57.765625,
      58.125,
      59.421875,
      60.333333333333336,
      61.536458333333336,
      62.703125,
      63.3125,
      63.333333333333336,
      65.984375,
      66.58333333333333,
      67.33333333333333,
      70.15625,
      71.85416666666667,
      70.31770833333333,
      74.484375,
      74.29166666666667,
      76.78125,
      77.41145833333333,
      80.734375,
      82.55729166666667
    ],
    "test_loss": [
      2.2191594568888346,
      1.9592778595288594,
      1.82663680712382,
      1.7429045287768046,
      1.6890605870882671,
      1.643901436328888,
      1.619823187192281,
      1.59145201365153,
      1.583136658668518,
      1.5465745123227437,
      1.5405150747299194,
      1.5128581786155701,
      1.500616307258606,
      1.4804538202285766,
      1.4716675567626953,
      1.4786048404375711,
      1.4729984339078268,
      1.4520901147524516,
      1.4688268637657165,
      1.494799365202586,
      1.45856582959493,
      1.486582977771759,
      1.4647879135608672,
      1.6809920652707417,
      1.4607289656003317,
      1.4870718177159628,
      1.510752325852712,
      1.4255946588516235,
      1.4442603047688802,
      1.4862667393684388,
      1.5437967284520466,
      1.4759678586324056,
      1.5252535065015158,
      1.694282153447469,
      1.6259134443600973,
      1.495908507903417,
      1.6133251118659973,
      1.508829468091329,
      1.6572640951474507,
      1.5431495054562887,
      1.6485689107577006,
      1.7982451510429383,
      1.8904993375142416,
      1.6809996700286864,
      1.5686181251207987,
      1.7363828627268474,
      1.7830764849980671,
      1.554698588848114,
      1.7418767646948496,
      1.7314197810490926
    ],
    "test_acc": [
      24.083333333333332,
      27.5,
      34.55,
      38.63333333333333,
      41.233333333333334,
      42.46666666666667,
      42.983333333333334,
      44.13333333333333,
      44.63333333333333,
      45.61666666666667,
      45.56666666666667,
      46.8,
      47.083333333333336,
      48.4,
      48.416666666666664,
      48.13333333333333,
      48.733333333333334,
      49.083333333333336,
      47.85,
      46.81666666666667,
      49.03333333333333,
      47.68333333333333,
      48.5,
      43.266666666666666,
      49.8,
      48.233333333333334,
      47.93333333333333,
      49.71666666666667,
      49.28333333333333,
      48.333333333333336,
      47.21666666666667,
      48.88333333333333,
      47.93333333333333,
      44.983333333333334,
      46.8,
      50.2,
      47.15,
      49.75,
      46.38333333333333,
      50.81666666666667,
      48.71666666666667,
      46.8,
      45.5,
      48.36666666666667,
      50.516666666666666,
      49.03333333333333,
      47.81666666666667,
      49.28333333333333,
      50.18333333333333,
      51.4
    ]
  }
}