{
  "config": {
    "run_name": "exp1_4",
    "out_dir": "./results",
    "seed": 2122068921,
    "device": null,
    "bs_train": 128,
    "bs_test": 40,
    "batches": 150,
    "epochs": 50,
    "early_stopping": 10,
    "checkpoints": null,
    "lr": 0.03,
    "reg": 0.001,
    "filters_per_layer": [
      64,
      128,
      256
    ],
    "layers_per_block": 4,
    "pool_every": 12,
    "hidden_dims": [
      512,
      256,
      128
    ],
    "model_type": "resnet",
    "kw": {}
  },
  "results": {
    "num_epochs": 50,
    "train_loss": [
      2.2301214933395386,
      2.067701676686605,
      1.979356947739919,
      1.9219006196657817,
      1.8723176376024881,
      1.8283962464332582,
      1.786793857415517,
      1.749858877658844,
      1.7140899459520975,
      1.6793434778849283,
      1.6470088529586793,
      1.6177293435732523,
      1.5887606143951416,
      1.5619942943255107,
      1.5362629334131876,
      1.5108203514417013,
      1.48626260360082,
      1.462136975924174,
      1.4384216491381328,
      1.4150727502504985,
      1.3931083130836486,
      1.3710406057039897,
      1.3500167306264241,
      1.3287787143389385,
      1.3053786047299702,
      1.2837158989906312,
      1.264293086528778,
      1.242822944323222,
      1.2230967593193054,
      1.2010815540949504,
      1.1854525856177012,
      1.1576099093755086,
      1.1422234904766082,
      1.1203686507542927,
      1.1047322066624958,
      1.0762040654818217,
      1.0632800471782684,
      1.0440690358479818,
      1.0201426180203756,
      1.0012325882911681,
      0.9792983976999918,
      0.955045102039973,
      0.9441627311706543,
      0.9137334334850311,
      0.8929575534661611,
      0.8678480450312297,
      0.8452413590749105,
      0.8298380661010742,
      0.8077396829922994,
      0.7664830319086711
    ],
    "train_acc": [
      18.177083333333332,
      23.546875,
      27.651041666666668,
      30.515625,
      32.364583333333336,
      34.166666666666664,
      35.6875,
      36.90625,
      38.328125,
      39.71875,
      40.942708333333336,
      41.979166666666664,
      43.020833333333336,
      44.09375,
      45.177083333333336,
      46.026041666666664,
      46.78125,
      47.869791666666664,
      48.75,
      49.619791666666664,
      50.463541666666664,
      51.286458333333336,
      52.166666666666664,
      53.03125,
      53.90625,
      54.65625,
      55.4375,
      56.276041666666664,
      56.875,
      57.776041666666664,
      58.567708333333336,
      59.416666666666664,
      60.09375,
      60.911458333333336,
      61.317708333333336,
      62.338541666666664,
      62.958333333333336,
      63.588541666666664,
      64.328125,
      65.19791666666667,
      65.66666666666667,
      67.125,
      67.17708333333333,
      68.484375,
      69.296875,
      70.06770833333333,
      70.97395833333333,
      71.67708333333333,
      72.35416666666667,
      73.84895833333333
    ],
    "test_loss": [
      2.1102383065223695,
      2.0034154502550763,
      1.9392012961705525,
      1.887041392326355,
      1.8317952307065328,
      1.7831697543462117,
      1.7428251202901204,
      1.7072989749908447,
      1.6734644802411398,
      1.6443376954396565,
      1.6181914067268373,
      1.5954668879508973,
      1.5729775587717691,
      1.5563249206542968,
      1.5373348848025004,
      1.519137459595998,
      1.5021523674329122,
      1.4824729220072428,
      1.4689049855868022,
      1.4573253059387208,
      1.4490840474764506,
      1.4373661152521768,
      1.4290330489476522,
      1.4167548886934915,
      1.4063325579961141,
      1.4004184226195018,
      1.3898476032416025,
      1.3865360486507416,
      1.3597268565495808,
      1.388687507311503,
      1.3765660516421,
      1.399141651391983,
      1.3373933760325114,
      1.3635704902807873,
      1.318638685544332,
      1.5221842869122824,
      1.3057165213425954,
      1.4206985433896382,
      1.4003513618310293,
      1.3427784697214762,
      1.2918059984842936,
      1.3877181279659272,
      1.35990935921669,
      1.3487841415405273,
      1.4166338849067688,
      1.3172491057713827,
      1.3064079014460246,
      1.4255714643001556,
      1.3684542830785116,
      1.3540238853295643
    ],
    "test_acc": [
      21.6,
      25.366666666666667,
      29.166666666666668,
      32.06666666666667,
      34.43333333333333,
      36.06666666666667,
      37.05,
      38.43333333333333,
      39.4,
      40.81666666666667,
      41.75,
      42.36666666666667,
      43.36666666666667,
      44.03333333333333,
      44.78333333333333,
      45.6,
      46.1,
      46.983333333333334,
      47.3,
      47.85,
      48.18333333333333,
      48.31666666666667,
      48.88333333333333,
      49.15,
      49.483333333333334,
      49.983333333333334,
      50.43333333333333,
      50.666666666666664,
      51.78333333333333,
      51.03333333333333,
      51.3,
      50.81666666666667,
      52.35,
      51.81666666666667,
      53.06666666666667,
      49.233333333333334,
      53.766666666666666,
      51.81666666666667,
      51.96666666666667,
      52.71666666666667,
      54.7,
      52.56666666666667,
      52.75,
      53.36666666666667,
      52.416666666666664,
      54.583333333333336,
      55.65,
      52.733333333333334,
      54.28333333333333,
      54.38333333333333
    ]
  }
}