{
  "config": {
    "run_name": "exp1_1",
    "out_dir": "./results",
    "seed": 1287327614,
    "device": null,
    "bs_train": 128,
    "bs_test": 40,
    "batches": 150,
    "epochs": 50,
    "early_stopping": 3,
    "checkpoints": null,
    "lr": 0.05,
    "reg": 0.005,
    "filters_per_layer": [
      64
    ],
    "layers_per_block": 2,
    "pool_every": 8,
    "hidden_dims": [
      512,
      256,
      128
    ],
    "model_type": "cnn",
    "kw": {}
  },
  "results": {
    "num_epochs": 25,
    "train_loss": [
      2.2596078459421793,
      2.0574434026082358,
      1.9088952771822612,
      1.8048140072822572,
      1.7401833089192709,
      1.679542654355367,
      1.6280638535817464,
      1.582240641117096,
      1.5409448226292928,
      1.5034713101387025,
      1.4678329340616862,
      1.4293215258916219,
      1.3971724406878154,
      1.3648997267087302,
      1.3254822738965353,
      1.2894962175687155,
      1.2371273644765217,
      1.194169356028239,
      1.1652511608600618,
      1.1165518947442372,
      1.054309957822164,
      1.0108141227563223,
      0.9644983681042989,
      0.9079467328389486,
      0.86099937637647
    ],
    "train_acc": [
      14.796875,
      25.739583333333332,
      31.3125,
      35.171875,
      37.578125,
      40.036458333333336,
      41.90625,
      43.666666666666664,
      44.911458333333336,
      46.307291666666664,
      47.651041666666664,
      49.130208333333336,
      50.244791666666664,
      51.552083333333336,
      53.130208333333336,
      54.401041666666664,
      56.135416666666664,
      57.921875,
      59.057291666666664,
      61.03125,
      63.072916666666664,
      64.86458333333333,
      66.16666666666667,
      68.64583333333333,
      70.125
    ],
    "test_loss": [
      2.1208967630068463,
      1.9159859347343444,
      1.7827078445752462,
      1.7060043398539226,
      1.652117211818695,
      1.6065048106511435,
      1.5806796034177144,
      1.5396913321812948,
      1.515654600461324,
      1.4946133041381835,
      1.4951274609565735,
      1.4262674633661907,
      1.3825001907348633,
      1.3655741159121195,
      1.4571224808692933,
      1.4304156319300334,
      1.346759519179662,
      1.3596384366353353,
      1.3259265772501627,
      1.3061173848311107,
      1.317307359377543,
      1.2812600338459015,
      1.3006337535381318,
      1.9631120363871257,
      1.442855671644211
    ],
    "test_acc": [
      22.333333333333332,
      30.033333333333335,
      36.46666666666667,
      39.53333333333333,
      41.666666666666664,
      43.21666666666667,
      44.15,
      45.6,
      46.333333333333336,
      46.88333333333333,
      47.13333333333333,
      49.083333333333336,
      51.06666666666667,
      51.75,
      49.5,
      50.416666666666664,
      52.666666666666664,
      52.36666666666667,
      52.46666666666667,
      54.46666666666667,
      53.88333333333333,
      55.983333333333334,
      54.2,
      44.81666666666667,
      53.13333333333333
    ]
  }
}