{
  "config": {
    "run_name": "exp1_1",
    "out_dir": "./results",
    "seed": 233108138,
    "device": null,
    "bs_train": 128,
    "bs_test": 40,
    "batches": 150,
    "epochs": 50,
    "early_stopping": 3,
    "checkpoints": null,
    "lr": 0.05,
    "reg": 0.005,
    "filters_per_layer": [
      32
    ],
    "layers_per_block": 2,
    "pool_every": 8,
    "hidden_dims": [
      512,
      256,
      128
    ],
    "model_type": "cnn",
    "kw": {}
  },
  "results": {
    "num_epochs": 21,
    "train_loss": [
      2.2978108151753744,
      2.2044239044189453,
      2.054826411406199,
      1.9184626626968384,
      1.8327372908592223,
      1.7693575358390807,
      1.7189919845263164,
      1.6779302390416464,
      1.6419106109937032,
      1.6088590002059937,
      1.577133022149404,
      1.545251441001892,
      1.513140571117401,
      1.4852123721440633,
      1.4585510047276815,
      1.4274439509709675,
      1.4008386262257895,
      1.3707005596160888,
      1.3415622862180074,
      1.3190508357683817,
      1.2906380939483642
    ],
    "train_acc": [
      12.1875,
      18.291666666666668,
      25.234375,
      30.8125,
      34.203125,
      36.791666666666664,
      38.494791666666664,
      40.151041666666664,
      41.567708333333336,
      42.666666666666664,
      43.697916666666664,
      44.807291666666664,
      46.192708333333336,
      47.244791666666664,
      48.09375,
      49.630208333333336,
      50.25,
      51.416666666666664,
      52.723958333333336,
      53.375,
      54.390625
    ],
    "test_loss": [
      2.2841789452234904,
      2.085866468747457,
      1.9324444508552552,
      1.8219579211870829,
      1.7532707579930624,
      1.6970270983378093,
      1.6602394819259643,
      1.6307873900731404,
      1.5997725542386372,
      1.5710006459554036,
      1.5378142150243124,
      1.5088754336039225,
      1.4813095728556316,
      1.465791784922282,
      1.447746680577596,
      1.4270353110631306,
      1.4100357635815939,
      1.4001836236317953,
      1.4203344504038493,
      1.4842306359608968,
      1.3976353406906128
    ],
    "test_acc": [
      17.766666666666666,
      24.5,
      29.383333333333333,
      34.21666666666667,
      37.75,
      40.05,
      41.28333333333333,
      42.56666666666667,
      43.53333333333333,
      44.68333333333333,
      45.9,
      46.46666666666667,
      47.483333333333334,
      48.083333333333336,
      48.916666666666664,
      49.46666666666667,
      49.8,
      50.233333333333334,
      49.7,
      48.11666666666667,
      49.733333333333334
    ]
  }
}