{
  "config": {
    "run_name": "exp1_2",
    "out_dir": "./results",
    "seed": 688569163,
    "device": null,
    "bs_train": 128,
    "bs_test": 40,
    "batches": 150,
    "epochs": 50,
    "early_stopping": 20,
    "checkpoints": null,
    "lr": 0.05,
    "reg": 0.01,
    "filters_per_layer": [
      128
    ],
    "layers_per_block": 8,
    "pool_every": 8,
    "hidden_dims": [
      512,
      256,
      128
    ],
    "model_type": "cnn",
    "kw": {}
  },
  "results": {
    "num_epochs": 20,
    "train_loss": [
      2.3029156223932903,
      2.3026691039403278,
      2.302627814610799,
      2.302616391181946,
      2.3026111841201784,
      2.302607405980428,
      2.3026049359639487,
      2.3026026423772175,
      2.3026005538304646,
      2.3025991821289065,
      2.3025977770487467,
      2.3025967502593994,
      2.302595802942912,
      2.3025949811935424,
      2.3025943835576377,
      2.3025937779744465,
      2.3025933726628622,
      2.3025928926467896,
      2.3025925397872924,
      2.302592215538025
    ],
    "train_acc": [
      10.067708333333334,
      9.953125,
      10.005208333333334,
      9.885416666666666,
      9.838541666666666,
      9.890625,
      9.890625,
      9.869791666666666,
      9.885416666666666,
      9.885416666666666,
      9.90625,
      9.90625,
      9.880208333333334,
      9.880208333333334,
      9.880208333333334,
      9.921875,
      9.921875,
      9.921875,
      9.921875,
      9.921875
    ],
    "test_loss": [
      2.3026316356658936,
      2.302643135388692,
      2.3026623805363973,
      2.3026716804504392,
      2.3026754490534462,
      2.3026765044530233,
      2.302677051226298,
      2.3026766395568847,
      2.3026765139897662,
      2.3026766125361124,
      2.302676453590393,
      2.3026760562260944,
      2.3026758352915446,
      2.3026757510503133,
      2.3026762262980145,
      2.302675345738729,
      2.302675840059916,
      2.302675665219625,
      2.302675512631734,
      2.302675927480062
    ],
    "test_acc": [
      10.2,
      10.05,
      10.05,
      10.05,
      10.05,
      10.05,
      10.05,
      10.05,
      10.05,
      10.05,
      10.05,
      10.05,
      10.05,
      10.05,
      10.05,
      10.05,
      10.05,
      10.05,
      10.05,
      10.05
    ]
  }
}