{
  "config": {
    "run_name": "exp1_3",
    "out_dir": "./results",
    "seed": 999269849,
    "device": null,
    "bs_train": 128,
    "bs_test": 40,
    "batches": 150,
    "epochs": 50,
    "early_stopping": 20,
    "checkpoints": null,
    "lr": 0.05,
    "reg": 0.01,
    "filters_per_layer": [
      64,
      128,
      256
    ],
    "layers_per_block": 3,
    "pool_every": 8,
    "hidden_dims": [
      512,
      256,
      128
    ],
    "model_type": "cnn",
    "kw": {}
  },
  "results": {
    "num_epochs": 23,
    "train_loss": [
      2.3031828355789186,
      2.3027101532618204,
      2.3026374785105386,
      2.3026203298568726,
      2.3026133569081626,
      2.302609208424886,
      2.302606380780538,
      2.3026038360595704,
      2.3026018222173055,
      2.3026002709070843,
      2.302598975499471,
      2.302597584724426,
      2.3025965881347656,
      2.3025956614812215,
      2.3025948905944826,
      2.302594321568807,
      2.302593700091044,
      2.302593250274658,
      2.302592862447103,
      2.3025924825668334,
      2.302592167854309,
      2.30259191830953,
      2.302591700553894
    ],
    "train_acc": [
      10.0,
      10.104166666666666,
      10.036458333333334,
      9.947916666666666,
      9.90625,
      9.916666666666666,
      9.916666666666666,
      9.958333333333334,
      9.953125,
      9.953125,
      9.958333333333334,
      10.020833333333334,
      10.046875,
      10.046875,
      10.046875,
      10.046875,
      10.036458333333334,
      10.036458333333334,
      10.036458333333334,
      10.036458333333334,
      10.036458333333334,
      10.036458333333334,
      10.036458333333334
    ],
    "test_loss": [
      2.3028870598475137,
      2.302718720436096,
      2.3026876131693523,
      2.302679812113444,
      2.3026783990859987,
      2.30267759958903,
      2.302677528063456,
      2.3026766268412273,
      2.3026766967773438,
      2.302676868438721,
      2.3026763804753623,
      2.3026761468251546,
      2.302676248550415,
      2.3026762421925864,
      2.302676029205322,
      2.3026759417851768,
      2.302675681114197,
      2.3026759163538615,
      2.3026757367451984,
      2.3026755968729655,
      2.302675609588623,
      2.3026760482788085,
      2.3026754728953045
    ],
    "test_acc": [
      9.933333333333334,
      9.933333333333334,
      10.05,
      10.05,
      10.05,
      10.05,
      10.05,
      10.05,
      10.05,
      10.05,
      10.05,
      10.05,
      10.05,
      10.05,
      10.05,
      10.05,
      10.05,
      10.05,
      10.05,
      10.05,
      10.05,
      10.05,
      10.05
    ]
  }
}