{
  "config": {
    "run_name": "exp2",
    "out_dir": "./results",
    "seed": 1046795975,
    "device": null,
    "bs_train": 128,
    "bs_test": 40,
    "batches": 150,
    "epochs": 50,
    "early_stopping": 15,
    "checkpoints": null,
    "lr": 0.03,
    "reg": 0.05,
    "filters_per_layer": [
      32,
      64,
      128
    ],
    "layers_per_block": 12,
    "pool_every": 15,
    "hidden_dims": [
      512,
      256,
      128
    ],
    "model_type": "ycn",
    "kw": {}
  },
  "results": {
    "num_epochs": 50,
    "train_loss": [
      2.2854705826441446,
      2.152254660924276,
      2.0598353219032286,
      2.0208061416943868,
      1.9974957887331646,
      1.9856726678212484,
      1.9800659410158794,
      1.975502537091573,
      1.970717355410258,
      1.9641365758577982,
      1.9594469738006592,
      1.9569903238614401,
      1.9530232032140096,
      1.9522972281773885,
      1.9501969544092814,
      1.9493640756607056,
      1.9410351101557415,
      1.9390734259287516,
      1.9328824989000957,
      1.930414928595225,
      1.9304067873954773,
      1.925521234671275,
      1.9221735032399496,
      1.9191307957967123,
      1.9199846227963766,
      1.916566174030304,
      1.9123667287826538,
      1.9128405594825744,
      1.9091361673672993,
      1.9121369115511577,
      1.9078476277987162,
      1.9080859939257304,
      1.9074212527275085,
      1.907279409567515,
      1.9335343233744304,
      1.9298567867279053,
      1.9150494480133056,
      1.9130794008572896,
      1.9175489918390909,
      1.9102919618288676,
      1.9111341905593873,
      1.9061325295766194,
      1.9046912439664205,
      1.906019679705302,
      1.9058698177337647,
      1.9081526041030883,
      1.9024731310208638,
      1.9027505509058635,
      1.9017850430806478,
      1.909015200138092
    ],
    "train_acc": [
      10.453125,
      18.692708333333332,
      19.828125,
      19.59375,
      19.260416666666668,
      19.364583333333332,
      19.276041666666668,
      19.25,
      19.203125,
      19.572916666666668,
      19.286458333333332,
      19.734375,
      19.645833333333332,
      19.578125,
      19.734375,
      19.703125,
      20.041666666666668,
      19.9375,
      20.151041666666668,
      20.260416666666668,
      20.161458333333332,
      20.104166666666668,
      20.489583333333332,
      20.364583333333332,
      20.583333333333332,
      20.380208333333332,
      20.697916666666668,
      20.583333333333332,
      20.666666666666668,
      20.640625,
      20.734375,
      20.583333333333332,
      20.739583333333332,
      20.708333333333332,
      20.385416666666668,
      20.161458333333332,
      20.447916666666668,
      20.640625,
      20.760416666666668,
      20.609375,
      20.729166666666668,
      20.598958333333332,
      20.942708333333332,
      20.848958333333332,
      20.734375,
      20.921875,
      21.010416666666668,
      21.104166666666668,
      20.770833333333332,
      20.96875
    ],
    "test_loss": [
      2.302228593826294,
      2.3084907293319703,
      2.3226323620478313,
      2.3370383834838866,
      2.348793943723043,
      2.355671796798706,
      2.361088121732076,
      2.3552651325861613,
      2.3092367362976076,
      2.2119384733835856,
      2.148939890861511,
      2.187823220888774,
      2.2001772340138754,
      2.08671658595403,
      2.100915326277415,
      2.2185414616266885,
      2.141220800081889,
      2.0612339742978416,
      2.0812660670280456,
      2.0520962023735048,
      1.950398359298706,
      1.950801757176717,
      1.9614862124125163,
      2.0176679261525474,
      1.9532841062545776,
      1.9229592521985372,
      1.915062474409739,
      1.996390976111094,
      1.9441458614667257,
      1.9856273261706034,
      2.013319650491079,
      2.0684392197926837,
      2.083584675788879,
      2.06534458398819,
      2.029641095797221,
      1.969921005566915,
      2.1763140964508056,
      1.959589773019155,
      2.062707622051239,
      2.0087512771288556,
      1.9879055976867677,
      2.0273618602752688,
      1.9369002079963684,
      1.9381521073977153,
      1.9161206078529358,
      1.9465417194366454,
      1.918930344581604,
      1.9523436347643535,
      1.9114321223894755,
      2.0525356793403624
    ],
    "test_acc": [
      10.05,
      10.05,
      10.05,
      10.05,
      10.05,
      10.05,
      10.05,
      10.066666666666666,
      10.816666666666666,
      13.966666666666667,
      16.116666666666667,
      14.483333333333333,
      14.283333333333333,
      17.316666666666666,
      17.133333333333333,
      13.766666666666667,
      16.1,
      17.766666666666666,
      17.916666666666668,
      19.633333333333333,
      20.166666666666668,
      20.883333333333333,
      19.966666666666665,
      19.95,
      18.866666666666667,
      21.133333333333333,
      21.116666666666667,
      20.15,
      21.9,
      20.0,
      18.5,
      17.016666666666666,
      17.3,
      18.566666666666666,
      19.7,
      22.133333333333333,
      15.55,
      20.816666666666666,
      19.35,
      19.733333333333334,
      21.483333333333334,
      20.116666666666667,
      24.333333333333332,
      20.683333333333334,
      22.65,
      20.616666666666667,
      23.283333333333335,
      23.016666666666666,
      22.166666666666668,
      18.75
    ]
  }
}