{
  "config": {
    "run_name": "exp2",
    "out_dir": "./results",
    "seed": 45283790,
    "device": null,
    "bs_train": 128,
    "bs_test": 40,
    "batches": 150,
    "epochs": 50,
    "early_stopping": 3,
    "checkpoints": null,
    "lr": 0.05,
    "reg": 0.01,
    "filters_per_layer": [
      32,
      64,
      128
    ],
    "layers_per_block": 9,
    "pool_every": 15,
    "hidden_dims": [
      512,
      256,
      128
    ],
    "model_type": "ycn",
    "kw": {}
  },
  "results": {
    "num_epochs": 30,
    "train_loss": [
      2.141828465461731,
      1.8980032110214233,
      1.8169815850257873,
      1.735468951066335,
      1.6578601392110188,
      1.6009467967351279,
      1.5411888408660888,
      1.4969875383377076,
      1.4526830919583638,
      1.4182192262013753,
      1.3837138692537942,
      1.3480212489763896,
      1.3148014871279399,
      1.2804334235191346,
      1.2441914916038512,
      1.2098146959145863,
      1.1783282959461212,
      1.1456875626246135,
      1.115702617963155,
      1.088576190471649,
      1.058106041351954,
      1.0420201591650644,
      1.019708187977473,
      1.004824045499166,
      0.9791659394900004,
      0.9706138253211976,
      0.95592826684316,
      0.943040824731191,
      0.9310947020848592,
      0.929101304213206
    ],
    "train_acc": [
      17.026041666666668,
      24.760416666666668,
      29.369791666666668,
      33.0,
      37.026041666666664,
      39.875,
      42.59375,
      44.5625,
      45.9375,
      47.583333333333336,
      49.3125,
      50.171875,
      51.734375,
      53.020833333333336,
      54.28125,
      56.119791666666664,
      57.546875,
      58.791666666666664,
      59.984375,
      60.979166666666664,
      62.119791666666664,
      62.760416666666664,
      63.640625,
      63.921875,
      65.04166666666667,
      65.53125,
      65.86458333333333,
      66.52083333333333,
      67.125,
      67.27083333333333
    ],
    "test_loss": [
      2.964266144434611,
      3.796806543668111,
      4.247745243708293,
      3.702994244893392,
      2.523093444506327,
      1.95406667470932,
      2.066395103931427,
      1.881396758556366,
      1.6430344796180725,
      1.56591454744339,
      1.524549732208252,
      1.3878532155354817,
      1.4030745553970336,
      1.538267715771993,
      1.3831384432315827,
      1.3524909182389577,
      1.2516205910841625,
      1.2469568252563477,
      1.264561665058136,
      1.2214534016450247,
      1.649361753463745,
      1.309655639330546,
      1.2568346989154815,
      1.238591544230779,
      1.1256080543994904,
      1.324506036043167,
      1.0858404835065205,
      1.165226275920868,
      1.3223984360694885,
      1.482216035525004
    ],
    "test_acc": [
      9.95,
      10.05,
      10.4,
      10.716666666666667,
      20.85,
      31.933333333333334,
      30.666666666666668,
      35.53333333333333,
      39.983333333333334,
      42.45,
      45.06666666666667,
      49.53333333333333,
      48.833333333333336,
      45.18333333333333,
      52.233333333333334,
      51.1,
      54.583333333333336,
      55.31666666666667,
      55.63333333333333,
      56.06666666666667,
      49.483333333333334,
      54.6,
      56.516666666666666,
      57.45,
      59.583333333333336,
      54.733333333333334,
      62.21666666666667,
      59.38333333333333,
      56.1,
      53.13333333333333
    ]
  }
}