{
  "config": {
    "run_name": "exp2",
    "out_dir": "./results",
    "seed": 2041097454,
    "device": null,
    "bs_train": 128,
    "bs_test": 40,
    "batches": 150,
    "epochs": 50,
    "early_stopping": 3,
    "checkpoints": null,
    "lr": 0.05,
    "reg": 0.01,
    "filters_per_layer": [
      32,
      64,
      128
    ],
    "layers_per_block": 6,
    "pool_every": 15,
    "hidden_dims": [
      512,
      256,
      128
    ],
    "model_type": "ycn",
    "kw": {}
  },
  "results": {
    "num_epochs": 22,
    "train_loss": [
      2.06152574857076,
      1.7782696723937987,
      1.6386229689915974,
      1.5517722940444947,
      1.4787043642997741,
      1.425983955860138,
      1.3721803967158,
      1.3284902254740396,
      1.2857223423322042,
      1.2402057886123656,
      1.1937373995780944,
      1.146291532913844,
      1.1047023816903432,
      1.057357788880666,
      1.0252134315172832,
      0.9868874057133993,
      0.9552610675493877,
      0.926057143608729,
      0.8980569418271382,
      0.8717549041906992,
      0.8462513840198517,
      0.8169556097189585
    ],
    "train_acc": [
      22.432291666666668,
      33.255208333333336,
      39.296875,
      42.447916666666664,
      45.526041666666664,
      47.671875,
      49.625,
      51.296875,
      52.880208333333336,
      54.776041666666664,
      56.90625,
      58.453125,
      60.291666666666664,
      62.234375,
      63.177083333333336,
      64.75,
      65.68229166666667,
      66.69270833333333,
      67.89583333333333,
      68.93229166666667,
      69.83854166666667,
      71.04166666666667
    ],
    "test_loss": [
      3.446746246019999,
      4.021578148206075,
      2.9880680433909097,
      1.9851303696632385,
      1.8092046960194905,
      1.7441361705462137,
      1.628935564359029,
      1.5208973948160807,
      1.6079235140482584,
      1.3506272260348002,
      1.2600660415490468,
      1.2836686968803406,
      1.126611003081004,
      1.267394297917684,
      1.1420694732666015,
      1.1323705613613129,
      1.2358589176336925,
      1.195612189769745,
      1.0156631501515707,
      1.167021911938985,
      1.1463524933656057,
      1.1924758533636728
    ],
    "test_acc": [
      10.05,
      14.383333333333333,
      17.283333333333335,
      33.93333333333333,
      37.38333333333333,
      37.63333333333333,
      42.583333333333336,
      45.21666666666667,
      42.7,
      51.3,
      54.666666666666664,
      53.63333333333333,
      59.43333333333333,
      55.46666666666667,
      58.78333333333333,
      59.5,
      56.166666666666664,
      58.03333333333333,
      63.31666666666667,
      58.15,
      59.666666666666664,
      57.95
    ]
  }
}