{
  "config": {
    "run_name": "exp1_1",
    "out_dir": "./results",
    "seed": 1602262447,
    "device": null,
    "bs_train": 128,
    "bs_test": 40,
    "batches": 150,
    "epochs": 50,
    "early_stopping": 3,
    "checkpoints": null,
    "lr": 0.05,
    "reg": 0.005,
    "filters_per_layer": [
      32
    ],
    "layers_per_block": 2,
    "pool_every": 8,
    "hidden_dims": [
      512,
      256,
      128
    ],
    "model_type": "cnn",
    "kw": {}
  },
  "results": {
    "num_epochs": 23,
    "train_loss": [
      2.2652150519688923,
      2.087992880344391,
      1.9472215072313945,
      1.8466788490613302,
      1.7771370283762613,
      1.7137699357668559,
      1.6631347036361694,
      1.6162267955144247,
      1.5767642553647359,
      1.539033011595408,
      1.505521727403005,
      1.4721876406669616,
      1.4438034224510192,
      1.414326229095459,
      1.3803024435043334,
      1.3533657987912495,
      1.3295416275660197,
      1.2969211769104003,
      1.272219894727071,
      1.2418648155530294,
      1.2032412012418112,
      1.1762167791525522,
      1.150366986989975
    ],
    "train_acc": [
      14.104166666666666,
      23.989583333333332,
      30.057291666666668,
      33.692708333333336,
      36.005208333333336,
      38.880208333333336,
      40.666666666666664,
      42.411458333333336,
      43.791666666666664,
      45.390625,
      46.395833333333336,
      47.28125,
      48.5,
      49.708333333333336,
      50.78125,
      52.125,
      52.963541666666664,
      54.192708333333336,
      55.427083333333336,
      56.53125,
      58.072916666666664,
      58.651041666666664,
      59.6875
    ],
    "test_loss": [
      2.1862122790018717,
      1.9792817425727844,
      1.840298853715261,
      1.7435634303092957,
      1.6805189983050028,
      1.6361075441042583,
      1.5972715783119202,
      1.5641687822341919,
      1.532573147614797,
      1.512211918036143,
      1.4849723331133524,
      1.471023337841034,
      1.4288778225580852,
      1.4089486161867777,
      1.3948088391621907,
      1.4245471771558125,
      1.3985500534375508,
      1.5275337648391725,
      1.3885685769716898,
      1.3877580495675406,
      1.5617135445276895,
      1.4739244445164998,
      1.3942819277445475
    ],
    "test_acc": [
      18.483333333333334,
      27.85,
      33.86666666666667,
      37.36666666666667,
      40.2,
      42.36666666666667,
      43.78333333333333,
      45.0,
      45.85,
      46.3,
      47.6,
      47.916666666666664,
      49.2,
      49.95,
      50.733333333333334,
      49.7,
      50.78333333333333,
      47.75,
      50.93333333333333,
      51.833333333333336,
      47.65,
      49.6,
      51.5
    ]
  }
}