{
  "config": {
    "run_name": "exp1_2",
    "out_dir": "./results",
    "seed": 1601018120,
    "device": null,
    "bs_train": 128,
    "bs_test": 40,
    "batches": 150,
    "epochs": 50,
    "early_stopping": 3,
    "checkpoints": null,
    "lr": 0.05,
    "reg": 0.01,
    "filters_per_layer": [
      32
    ],
    "layers_per_block": 8,
    "pool_every": 4,
    "hidden_dims": [
      512,
      256,
      128
    ],
    "model_type": "cnn",
    "kw": {}
  },
  "results": {
    "num_epochs": 6,
    "train_loss": [
      2.303383954366048,
      2.30273598353068,
      2.3026431735356647,
      2.302623480161031,
      2.302615718841553,
      2.3026107263565065
    ],
    "train_acc": [
      10.0,
      9.90625,
      9.479166666666666,
      9.776041666666666,
      9.78125,
      9.885416666666666
    ],
    "test_loss": [
      2.3028970781962075,
      2.302704594930013,
      2.302677952448527,
      2.3026741250356038,
      2.302674182256063,
      2.3026736211776733
    ],
    "test_acc": [
      9.666666666666666,
      9.666666666666666,
      10.05,
      10.05,
      10.05,
      10.05
    ]
  }
}