{
  "config": {
    "run_name": "exp1_4",
    "out_dir": "./results",
    "seed": 724848169,
    "device": null,
    "bs_train": 128,
    "bs_test": 40,
    "batches": 150,
    "epochs": 50,
    "early_stopping": 3,
    "checkpoints": null,
    "lr": 0.05,
    "reg": 0.001,
    "filters_per_layer": [
      64,
      128,
      256
    ],
    "layers_per_block": 4,
    "pool_every": 12,
    "hidden_dims": [
      512,
      256,
      128
    ],
    "model_type": "resnet",
    "kw": {}
  },
  "results": {
    "num_epochs": 26,
    "train_loss": [
      2.1989825773239136,
      2.0295831974347434,
      1.938110002676646,
      1.8649095185597737,
      1.800005419254303,
      1.7458897630373638,
      1.6965548062324525,
      1.6547182647387186,
      1.6120824853579203,
      1.5745906853675842,
      1.5379923232396444,
      1.5026095215479534,
      1.469079558054606,
      1.4358627796173096,
      1.4043452437718709,
      1.3741917967796327,
      1.3452048619588217,
      1.3132355507214863,
      1.2910537830988567,
      1.2539437214533489,
      1.231189390818278,
      1.195981471935908,
      1.1716985555489858,
      1.145961695512136,
      1.116849530140559,
      1.0985170463720957
    ],
    "train_acc": [
      18.583333333333332,
      25.020833333333332,
      29.942708333333332,
      32.692708333333336,
      35.020833333333336,
      37.088541666666664,
      38.8125,
      40.65625,
      42.177083333333336,
      43.598958333333336,
      45.0625,
      46.411458333333336,
      47.630208333333336,
      48.979166666666664,
      50.083333333333336,
      51.244791666666664,
      52.229166666666664,
      53.28125,
      54.125,
      55.505208333333336,
      56.302083333333336,
      57.552083333333336,
      58.510416666666664,
      59.552083333333336,
      60.458333333333336,
      61.453125
    ],
    "test_loss": [
      2.075948568979899,
      1.9632081429163615,
      1.867043591340383,
      1.7935133735338846,
      1.7384603238105774,
      1.689120529492696,
      1.6590533622105916,
      1.6276492969195049,
      1.6103700931866964,
      1.5788965980211893,
      1.5447993222872416,
      1.5195238780975342,
      1.5101832755406697,
      1.4904933873812358,
      1.4707170009613038,
      1.4578123744328817,
      1.483590342203776,
      1.4162871964772543,
      1.4369910232226053,
      1.394558415810267,
      1.4141208068529765,
      1.6844775239626566,
      1.3374060165882111,
      1.4179281318187713,
      1.4931500967343647,
      1.383490144411723
    ],
    "test_acc": [
      23.133333333333333,
      27.433333333333334,
      32.96666666666667,
      35.55,
      37.233333333333334,
      39.05,
      40.18333333333333,
      41.56666666666667,
      42.0,
      43.15,
      44.516666666666666,
      45.43333333333333,
      45.6,
      46.166666666666664,
      46.71666666666667,
      47.833333333333336,
      46.9,
      49.266666666666666,
      48.68333333333333,
      50.1,
      49.833333333333336,
      43.68333333333333,
      52.3,
      50.766666666666666,
      49.083333333333336,
      51.86666666666667
    ]
  }
}