{
  "config": {
    "run_name": "exp1_3",
    "out_dir": "./results",
    "seed": 1650472809,
    "device": null,
    "bs_train": 128,
    "bs_test": 40,
    "batches": 150,
    "epochs": 50,
    "early_stopping": 3,
    "checkpoints": null,
    "lr": 0.05,
    "reg": 0.01,
    "filters_per_layer": [
      64,
      128,
      256
    ],
    "layers_per_block": 2,
    "pool_every": 8,
    "hidden_dims": [
      512,
      256,
      128
    ],
    "model_type": "cnn",
    "kw": {}
  },
  "results": {
    "num_epochs": 3,
    "train_loss": [
      2.303306296666463,
      2.302691934903463,
      2.3026189756393434
    ],
    "train_acc": [
      9.947916666666666,
      10.026041666666666,
      9.71875
    ],
    "test_loss": [
      2.3026529598236083,
      2.302601858774821,
      2.30262735525767
    ],
    "test_acc": [
      10.4,
      10.4,
      10.05
    ]
  }
}