{
  "config": {
    "run_name": "exp1_4",
    "out_dir": "./results",
    "seed": 1532522019,
    "device": null,
    "bs_train": 128,
    "bs_test": 40,
    "batches": 150,
    "epochs": 50,
    "early_stopping": 3,
    "checkpoints": null,
    "lr": 0.05,
    "reg": 0.001,
    "filters_per_layer": [
      64,
      128,
      256
    ],
    "layers_per_block": 8,
    "pool_every": 12,
    "hidden_dims": [
      512,
      256,
      128
    ],
    "model_type": "resnet",
    "kw": {}
  },
  "results": {
    "num_epochs": 39,
    "train_loss": [
      2.300343011220296,
      2.288802752494812,
      2.2111611795425414,
      2.1268671576182046,
      2.0592504080136615,
      2.007767964998881,
      1.959838638305664,
      1.8975217350323994,
      1.8253057940800985,
      1.7619938762982685,
      1.7061149152119954,
      1.6564458084106446,
      1.6133172567685445,
      1.5757815917332967,
      1.5429356781641643,
      1.512596106529236,
      1.484281791051229,
      1.4575319218635558,
      1.4321041504542034,
      1.4070089173316955,
      1.3832807922363282,
      1.3596544337272645,
      1.3355536762873332,
      1.3132822012901306,
      1.2898098476727804,
      1.2671636327107747,
      1.2434307551383972,
      1.2191997607549032,
      1.19516171058019,
      1.176362810532252,
      1.1501922408739726,
      1.128190686305364,
      1.1005275050799053,
      1.0843488506476084,
      1.0526291632652283,
      1.0299997893969217,
      1.002133038043976,
      0.9805993787447611,
      0.9592114233970642
    ],
    "train_acc": [
      11.755208333333334,
      16.911458333333332,
      17.625,
      19.895833333333332,
      23.229166666666668,
      25.307291666666668,
      27.479166666666668,
      30.473958333333332,
      33.786458333333336,
      36.359375,
      38.385416666666664,
      40.286458333333336,
      41.71875,
      43.213541666666664,
      44.510416666666664,
      45.697916666666664,
      46.765625,
      47.84375,
      48.53125,
      49.421875,
      50.114583333333336,
      51.0,
      52.020833333333336,
      52.932291666666664,
      53.666666666666664,
      54.640625,
      55.505208333333336,
      56.432291666666664,
      57.270833333333336,
      57.927083333333336,
      58.927083333333336,
      59.682291666666664,
      60.786458333333336,
      61.520833333333336,
      62.666666666666664,
      63.463541666666664,
      64.359375,
      65.55208333333333,
      65.97916666666667
    ],
    "test_loss": [
      2.2970772139231364,
      2.272336460749308,
      2.108319543202718,
      2.060788319905599,
      2.0184497173627216,
      1.9768381428718567,
      1.9110406867663066,
      1.8204437367121378,
      1.7477956692377725,
      1.687924035390218,
      1.634051882425944,
      1.5966562159856161,
      1.5686485783259074,
      1.5556871787707012,
      1.5456129161516825,
      1.5358200979232788,
      1.531225893497467,
      1.5324007701873779,
      1.5234312534332275,
      1.503772055308024,
      1.5037128480275472,
      1.4776898701985677,
      1.4432973337173463,
      1.4487330742677054,
      1.4156126983960469,
      1.3925331099828084,
      1.3606514143943786,
      1.36689980785052,
      1.3456725017229716,
      1.3356928217411042,
      1.298367668390274,
      1.2843178176879884,
      1.2877352511882783,
      1.2946738843123118,
      1.3145426352818808,
      1.295448699394862,
      1.375255750020345,
      1.3957464253902436,
      1.3641603215535483
    ],
    "test_acc": [
      18.233333333333334,
      15.55,
      21.766666666666666,
      22.816666666666666,
      24.433333333333334,
      26.75,
      29.95,
      34.18333333333333,
      37.2,
      38.9,
      40.766666666666666,
      42.483333333333334,
      43.416666666666664,
      43.6,
      44.03333333333333,
      44.36666666666667,
      45.06666666666667,
      45.233333333333334,
      45.53333333333333,
      46.03333333333333,
      46.28333333333333,
      47.15,
      47.93333333333333,
      48.083333333333336,
      49.15,
      49.983333333333334,
      50.55,
      50.88333333333333,
      51.483333333333334,
      52.25,
      53.78333333333333,
      54.1,
      54.166666666666664,
      54.36666666666667,
      54.31666666666667,
      54.666666666666664,
      53.083333333333336,
      53.1,
      53.36666666666667
    ]
  }
}