{
  "config": {
    "run_name": "exp1_1",
    "out_dir": "./results",
    "seed": 2139827813,
    "device": null,
    "bs_train": 128,
    "bs_test": 40,
    "batches": 150,
    "epochs": 50,
    "early_stopping": 3,
    "checkpoints": null,
    "lr": 0.05,
    "reg": 0.005,
    "filters_per_layer": [
      32
    ],
    "layers_per_block": 16,
    "pool_every": 8,
    "hidden_dims": [
      512,
      256,
      128
    ],
    "model_type": "cnn",
    "kw": {}
  },
  "results": {
    "num_epochs": 5,
    "train_loss": [
      2.303628840446472,
      2.30277533531189,
      2.302648590405782,
      2.302626846631368,
      2.3026210276285806
    ],
    "train_acc": [
      10.057291666666666,
      9.916666666666666,
      10.015625,
      9.765625,
      9.828125
    ],
    "test_loss": [
      2.302949064572652,
      2.3027046569188436,
      2.3026777696609497,
      2.30267840385437,
      2.3026809978485105
    ],
    "test_acc": [
      9.666666666666666,
      10.05,
      10.05,
      10.05,
      10.05
    ]
  }
}