{
  "config": {
    "run_name": "exp1_1",
    "out_dir": "./results",
    "seed": 85646401,
    "device": null,
    "bs_train": 128,
    "bs_test": 40,
    "batches": 150,
    "epochs": 50,
    "early_stopping": 3,
    "checkpoints": null,
    "lr": 0.05,
    "reg": 0.005,
    "filters_per_layer": [
      32
    ],
    "layers_per_block": 8,
    "pool_every": 8,
    "hidden_dims": [
      512,
      256,
      128
    ],
    "model_type": "cnn",
    "kw": {}
  },
  "results": {
    "num_epochs": 5,
    "train_loss": [
      2.30300701936086,
      2.3026754172643025,
      2.302630813916524,
      2.3026235739390057,
      2.3026206143697103
    ],
    "train_acc": [
      9.989583333333334,
      10.015625,
      9.885416666666666,
      9.822916666666666,
      9.885416666666666
    ],
    "test_loss": [
      2.3029755369822182,
      2.3027668301264446,
      2.3027122592926026,
      2.302694147427877,
      2.302687759399414
    ],
    "test_acc": [
      9.666666666666666,
      10.05,
      10.05,
      10.05,
      10.05
    ]
  }
}