{
  "config": {
    "run_name": "exp1_2",
    "out_dir": "./results",
    "seed": 276361329,
    "device": null,
    "bs_train": 128,
    "bs_test": 40,
    "batches": 150,
    "epochs": 50,
    "early_stopping": 3,
    "checkpoints": null,
    "lr": 0.05,
    "reg": 0.01,
    "filters_per_layer": [
      128
    ],
    "layers_per_block": 2,
    "pool_every": 2,
    "hidden_dims": [
      512,
      256,
      128
    ],
    "model_type": "cnn",
    "kw": {}
  },
  "results": {
    "num_epochs": 30,
    "train_loss": [
      2.2977016099294025,
      2.2151858393351236,
      2.056810033321381,
      1.9546273016929627,
      1.880826679865519,
      1.8255861163139344,
      1.7820202581087747,
      1.7444078556696574,
      1.7070514098803202,
      1.6720875485738118,
      1.6344506160418193,
      1.6000192840894063,
      1.5664683810869853,
      1.5364052629470826,
      1.4983828369776409,
      1.4683413227399191,
      1.4389554786682128,
      1.4157830413182577,
      1.3926379195849101,
      1.3626117181777955,
      1.3460521086057027,
      1.3210808714230855,
      1.293469983736674,
      1.2739794834454854,
      1.2502137009302776,
      1.2233453599611919,
      1.1986341853936513,
      1.175827425320943,
      1.1459945754210155,
      1.1396579750378926
    ],
    "train_acc": [
      13.640625,
      18.953125,
      24.973958333333332,
      29.307291666666668,
      32.177083333333336,
      34.458333333333336,
      36.083333333333336,
      37.505208333333336,
      38.869791666666664,
      40.104166666666664,
      41.46875,
      42.609375,
      43.791666666666664,
      44.869791666666664,
      46.114583333333336,
      47.291666666666664,
      48.114583333333336,
      49.151041666666664,
      49.875,
      51.067708333333336,
      51.90625,
      52.895833333333336,
      53.598958333333336,
      54.510416666666664,
      55.4375,
      56.333333333333336,
      57.166666666666664,
      57.958333333333336,
      59.223958333333336,
      59.90625
    ],
    "test_loss": [
      2.2866640758514403,
      2.1409609587987264,
      1.9713856212298075,
      1.8670540467898051,
      1.8028509863217672,
      1.7522609957059225,
      1.708454984029134,
      1.6677826364835104,
      1.6284840154647826,
      1.5910427967707317,
      1.5611160159111024,
      1.5402969511349995,
      1.521089480717977,
      1.490432854493459,
      1.4843988529841106,
      1.4600001962979634,
      1.4847237157821656,
      1.4206580384572347,
      1.4103364125887552,
      1.401152339776357,
      1.363054215113322,
      1.3473367742697397,
      1.3359356172879537,
      1.3469573318958283,
      1.326447764635086,
      1.395428510506948,
      1.2925284723440806,
      1.326222412586212,
      1.2980202384789785,
      1.3201009599367777
    ],
    "test_acc": [
      19.4,
      22.15,
      27.666666666666668,
      32.93333333333333,
      35.56666666666667,
      37.31666666666667,
      38.93333333333333,
      40.13333333333333,
      42.083333333333336,
      43.0,
      43.61666666666667,
      44.53333333333333,
      45.4,
      46.55,
      46.833333333333336,
      47.78333333333333,
      46.81666666666667,
      48.983333333333334,
      49.4,
      49.63333333333333,
      50.516666666666666,
      51.15,
      52.03333333333333,
      52.05,
      52.53333333333333,
      50.81666666666667,
      53.983333333333334,
      53.3,
      53.333333333333336,
      52.95
    ]
  }
}