{
  "config": {
    "run_name": "exp1_4",
    "out_dir": "./results",
    "seed": 26008682,
    "device": null,
    "bs_train": 128,
    "bs_test": 40,
    "batches": 150,
    "epochs": 50,
    "early_stopping": 3,
    "checkpoints": null,
    "lr": 0.05,
    "reg": 0.001,
    "filters_per_layer": [
      32
    ],
    "layers_per_block": 16,
    "pool_every": 16,
    "hidden_dims": [
      512,
      256,
      128
    ],
    "model_type": "resnet",
    "kw": {}
  },
  "results": {
    "num_epochs": 26,
    "train_loss": [
      2.2899714501698814,
      2.166370318730672,
      2.066878739198049,
      1.9861680976549785,
      1.922335561911265,
      1.8650734575589498,
      1.808519328435262,
      1.752899264494578,
      1.7027171500523886,
      1.6519637672106424,
      1.6060467783610026,
      1.5639663998285929,
      1.527557558218638,
      1.4945599436759949,
      1.4648935596148174,
      1.436500105857849,
      1.40905522108078,
      1.383197977542877,
      1.3571549860636394,
      1.3318863606452942,
      1.30616663535436,
      1.2812447547912598,
      1.2553287720680237,
      1.2342415952682495,
      1.2082481757799783,
      1.1796591862042745
    ],
    "train_acc": [
      13.651041666666666,
      20.182291666666668,
      23.348958333333332,
      27.234375,
      29.921875,
      31.963541666666668,
      34.067708333333336,
      36.213541666666664,
      38.234375,
      40.234375,
      41.90625,
      43.46875,
      44.864583333333336,
      46.140625,
      47.244791666666664,
      48.385416666666664,
      49.385416666666664,
      50.421875,
      51.333333333333336,
      52.307291666666664,
      53.364583333333336,
      54.3125,
      55.135416666666664,
      55.854166666666664,
      56.864583333333336,
      58.078125
    ],
    "test_loss": [
      2.2625562651952107,
      2.0931390579541524,
      2.0164612555503845,
      1.9404960203170776,
      1.868080632686615,
      1.8059904344876607,
      1.7483277376492818,
      1.6900552169481913,
      1.6388659683863323,
      1.5960191075007122,
      1.5642375667889914,
      1.5419811701774597,
      1.5259175729751586,
      1.5275851933161417,
      1.526179944674174,
      1.5163786244392394,
      1.5180628657341004,
      1.495825049082438,
      1.4944268170992534,
      1.4605611046155293,
      1.464257954756419,
      1.4874272457758586,
      1.3359603917598724,
      1.524781030813853,
      1.558214204708735,
      1.368172862927119
    ],
    "test_acc": [
      16.2,
      21.683333333333334,
      25.4,
      29.033333333333335,
      32.45,
      35.1,
      37.05,
      38.8,
      40.53333333333333,
      41.916666666666664,
      43.46666666666667,
      44.36666666666667,
      44.7,
      44.78333333333333,
      44.766666666666666,
      44.95,
      45.2,
      45.75,
      45.93333333333333,
      47.31666666666667,
      47.35,
      47.05,
      52.06666666666667,
      46.65,
      46.583333333333336,
      51.05
    ]
  }
}