{
  "config": {
    "run_name": "exp1_2",
    "out_dir": "./results",
    "seed": 1657955074,
    "device": null,
    "bs_train": 128,
    "bs_test": 40,
    "batches": 150,
    "epochs": 50,
    "early_stopping": 3,
    "checkpoints": null,
    "lr": 0.05,
    "reg": 0.01,
    "filters_per_layer": [
      128
    ],
    "layers_per_block": 4,
    "pool_every": 4,
    "hidden_dims": [
      512,
      256,
      128
    ],
    "model_type": "cnn",
    "kw": {}
  },
  "results": {
    "num_epochs": 5,
    "train_loss": [
      2.30329115708669,
      2.302632037798564,
      2.3025514968236287,
      2.3025529543558756,
      2.3025661532084145
    ],
    "train_acc": [
      9.901041666666666,
      10.0,
      9.890625,
      10.072916666666666,
      9.989583333333334
    ],
    "test_loss": [
      2.3027088530858357,
      2.302574133872986,
      2.3025856828689575,
      2.302609912554423,
      2.30263108253479
    ],
    "test_acc": [
      9.783333333333333,
      10.05,
      10.05,
      10.05,
      10.05
    ]
  }
}