{
  "config": {
    "run_name": "exp1_4",
    "out_dir": "./results",
    "seed": 467631793,
    "device": null,
    "bs_train": 128,
    "bs_test": 40,
    "batches": 150,
    "epochs": 50,
    "early_stopping": 3,
    "checkpoints": null,
    "lr": 0.05,
    "reg": 0.001,
    "filters_per_layer": [
      64,
      128,
      256
    ],
    "layers_per_block": 2,
    "pool_every": 12,
    "hidden_dims": [
      512,
      256,
      128
    ],
    "model_type": "resnet",
    "kw": {}
  },
  "results": {
    "num_epochs": 22,
    "train_loss": [
      2.1461046163241067,
      1.9661592181523642,
      1.8614836438496907,
      1.784675882657369,
      1.7253713258107504,
      1.6739940643310547,
      1.6262897292772929,
      1.5828890029589335,
      1.5396469195683797,
      1.4955650639533997,
      1.4522156778971353,
      1.4109370215733845,
      1.3673319180806478,
      1.3224933171272277,
      1.2780796829859415,
      1.2337972911198933,
      1.1906212564309437,
      1.144685496489207,
      1.0919960355758667,
      1.0435079209009805,
      0.9826990600426991,
      0.9258284084002177
    ],
    "train_acc": [
      20.057291666666668,
      28.583333333333332,
      32.640625,
      35.661458333333336,
      37.932291666666664,
      40.25,
      42.244791666666664,
      43.708333333333336,
      45.463541666666664,
      46.942708333333336,
      48.59375,
      50.036458333333336,
      51.635416666666664,
      53.135416666666664,
      54.822916666666664,
      56.458333333333336,
      58.09375,
      59.708333333333336,
      61.645833333333336,
      63.375,
      65.64583333333333,
      67.484375
    ],
    "test_loss": [
      2.0540208395322166,
      1.8765722823143005,
      1.7800822869936626,
      1.7166224479675294,
      1.67416317542394,
      1.6460657946268717,
      1.6213980499903362,
      1.5964666978518167,
      1.5699654404322307,
      1.565653539498647,
      1.5472949775060019,
      1.5646212402979534,
      1.5008136606216431,
      1.5160289359092713,
      1.4491303491592407,
      1.4363925393422445,
      1.3801599963506064,
      1.4330358962217966,
      1.331706960995992,
      1.4020376420021057,
      1.346269701719284,
      1.4712644577026368
    ],
    "test_acc": [
      25.466666666666665,
      32.13333333333333,
      36.75,
      39.15,
      40.583333333333336,
      41.15,
      42.13333333333333,
      43.18333333333333,
      44.733333333333334,
      44.833333333333336,
      45.36666666666667,
      45.56666666666667,
      47.38333333333333,
      47.0,
      49.13333333333333,
      49.53333333333333,
      51.11666666666667,
      50.36666666666667,
      52.95,
      51.6,
      52.6,
      50.96666666666667
    ]
  }
}