{
  "config": {
    "run_name": "exp1_4",
    "out_dir": "./results",
    "seed": 2145718672,
    "device": null,
    "bs_train": 128,
    "bs_test": 40,
    "batches": 150,
    "epochs": 50,
    "early_stopping": 3,
    "checkpoints": null,
    "lr": 0.05,
    "reg": 0.001,
    "filters_per_layer": [
      32
    ],
    "layers_per_block": 8,
    "pool_every": 16,
    "hidden_dims": [
      512,
      256,
      128
    ],
    "model_type": "resnet",
    "kw": {}
  },
  "results": {
    "num_epochs": 30,
    "train_loss": [
      2.2283807611465454,
      2.054520362218221,
      1.9396187011400858,
      1.8609082738558451,
      1.7870178373654684,
      1.7225709422429403,
      1.6665497922897339,
      1.6192328921953838,
      1.5780813423792521,
      1.5424365822474162,
      1.5082173800468446,
      1.4764226396878561,
      1.4443129229545593,
      1.4135617383321126,
      1.3811776121457418,
      1.3477696069081624,
      1.3122598433494568,
      1.280481219291687,
      1.249143447081248,
      1.2124104420344035,
      1.172653226852417,
      1.133109757900238,
      1.099578138589859,
      1.0613300693035126,
      1.0270731894175211,
      0.9833115561803182,
      0.9434508176644644,
      0.9011782995859782,
      0.8489424781004588,
      0.8169930879275004
    ],
    "train_acc": [
      15.369791666666666,
      24.4375,
      29.401041666666668,
      32.609375,
      35.494791666666664,
      37.869791666666664,
      40.083333333333336,
      41.854166666666664,
      43.427083333333336,
      44.864583333333336,
      46.28125,
      47.453125,
      48.609375,
      49.869791666666664,
      51.119791666666664,
      52.432291666666664,
      53.46875,
      54.854166666666664,
      56.177083333333336,
      57.604166666666664,
      58.833333333333336,
      60.578125,
      61.635416666666664,
      62.848958333333336,
      64.51041666666667,
      65.71354166666667,
      67.52604166666667,
      69.24479166666667,
      70.86979166666667,
      72.16666666666667
    ],
    "test_loss": [
      2.0800187476476033,
      1.971116004784902,
      1.8542090034484864,
      1.7731759516398111,
      1.709518879254659,
      1.650509640375773,
      1.6044897524515789,
      1.5680180843671163,
      1.544281222820282,
      1.5265509406725566,
      1.5090699474016824,
      1.490885808467865,
      1.4783636116981507,
      1.4782754667599995,
      1.4713314986228943,
      1.4282062260309856,
      1.4128877822558086,
      1.3863437287012736,
      1.4409191417694092,
      1.377492697238922,
      1.3774027907848359,
      1.3788755122820537,
      1.489743690888087,
      1.3851700695355733,
      1.4246936627229054,
      1.4600036982695261,
      1.4187882439295452,
      1.4678130201498667,
      1.5531964341799418,
      1.514381148815155
    ],
    "test_acc": [
      23.55,
      26.65,
      32.68333333333333,
      36.55,
      38.86666666666667,
      40.63333333333333,
      42.06666666666667,
      43.233333333333334,
      44.21666666666667,
      45.2,
      45.983333333333334,
      46.55,
      47.11666666666667,
      47.166666666666664,
      47.38333333333333,
      48.8,
      49.416666666666664,
      50.083333333333336,
      49.0,
      50.483333333333334,
      50.666666666666664,
      51.1,
      48.916666666666664,
      51.31666666666667,
      50.75,
      50.86666666666667,
      52.3,
      51.78333333333333,
      50.483333333333334,
      50.65
    ]
  }
}