{
  "config": {
    "run_name": "exp1_2",
    "out_dir": "./results",
    "seed": 1109368537,
    "device": null,
    "bs_train": 128,
    "bs_test": 40,
    "batches": 150,
    "epochs": 50,
    "early_stopping": 3,
    "checkpoints": null,
    "lr": 0.05,
    "reg": 0.01,
    "filters_per_layer": [
      256
    ],
    "layers_per_block": 2,
    "pool_every": 2,
    "hidden_dims": [
      512,
      256,
      128
    ],
    "model_type": "cnn",
    "kw": {}
  },
  "results": {
    "num_epochs": 38,
    "train_loss": [
      2.265598932902018,
      2.099289827346802,
      1.9727940265337627,
      1.8831677444775898,
      1.8131245215733847,
      1.752227512995402,
      1.6920934104919434,
      1.6369011561075846,
      1.5865334391593933,
      1.5404272294044494,
      1.492885574499766,
      1.4587984704971313,
      1.4195103812217713,
      1.3913719797134398,
      1.3551110514005025,
      1.313877018292745,
      1.2822967751820882,
      1.2398810815811157,
      1.2014067121346792,
      1.1737584404150645,
      1.134443865219752,
      1.0979267239570618,
      1.0765250428517659,
      1.0308715172608693,
      0.9903230325380961,
      0.974493126074473,
      0.9292618008454641,
      0.9165107731024424,
      0.8587813166777293,
      0.830930970509847,
      0.7983395580450694,
      0.7657489903767903,
      0.7162970338265101,
      0.7039433463414511,
      0.669455579717954,
      0.6195706415176392,
      0.5767693036794662,
      0.5537214722235998
    ],
    "train_acc": [
      15.494791666666666,
      23.041666666666668,
      28.348958333333332,
      31.979166666666668,
      34.770833333333336,
      37.151041666666664,
      39.338541666666664,
      41.317708333333336,
      42.90625,
      44.526041666666664,
      46.119791666666664,
      47.28125,
      48.401041666666664,
      49.734375,
      50.8125,
      52.458333333333336,
      53.916666666666664,
      55.46875,
      56.869791666666664,
      57.958333333333336,
      59.536458333333336,
      60.833333333333336,
      61.723958333333336,
      63.182291666666664,
      64.9375,
      65.43229166666667,
      67.0,
      67.64583333333333,
      70.16145833333333,
      71.16145833333333,
      72.140625,
      73.63541666666667,
      75.41145833333333,
      75.58854166666667,
      77.265625,
      79.27604166666667,
      80.91666666666667,
      81.703125
    ],
    "test_loss": [
      2.1463775062561035,
      1.9986009041468302,
      1.8760705137252807,
      1.7899397643407187,
      1.7169904065132142,
      1.6473007663091024,
      1.590545585155487,
      1.538111477692922,
      1.505521703561147,
      1.5099619245529174,
      1.4867618918418883,
      1.4513964144388836,
      1.381731702486674,
      1.41202730178833,
      1.3641975633303325,
      1.3379153418540954,
      1.3120665947596233,
      1.286887330611547,
      1.3367057128747304,
      1.242720104455948,
      1.2488550813992818,
      1.3172378154595692,
      1.1812015561262768,
      1.199653964440028,
      1.2034978759288788,
      1.176289598941803,
      1.2026335895061493,
      1.154481479326884,
      1.159388132095337,
      1.1565774873892467,
      1.2233134551843008,
      1.157048956155777,
      1.1760980439186097,
      1.1796189006169637,
      1.1058583108584086,
      1.208064839442571,
      1.3093363829453786,
      1.2051276238759359
    ],
    "test_acc": [
      22.866666666666667,
      26.216666666666665,
      31.166666666666668,
      35.733333333333334,
      38.75,
      41.28333333333333,
      42.31666666666667,
      44.55,
      45.8,
      45.766666666666666,
      46.28333333333333,
      47.71666666666667,
      50.05,
      49.083333333333336,
      50.983333333333334,
      51.85,
      52.35,
      53.75,
      52.1,
      54.95,
      55.06666666666667,
      53.56666666666667,
      57.416666666666664,
      57.15,
      57.06666666666667,
      58.483333333333334,
      57.5,
      59.43333333333333,
      60.18333333333333,
      60.15,
      58.766666666666666,
      60.666666666666664,
      60.333333333333336,
      60.9,
      61.68333333333333,
      60.516666666666666,
      59.61666666666667,
      59.916666666666664
    ]
  }
}