{
  "config": {
    "run_name": "exp1_1",
    "out_dir": "./results",
    "seed": 513881770,
    "device": null,
    "bs_train": 128,
    "bs_test": 40,
    "batches": 150,
    "epochs": 50,
    "early_stopping": 3,
    "checkpoints": null,
    "lr": 0.05,
    "reg": 0.005,
    "filters_per_layer": [
      32
    ],
    "layers_per_block": 4,
    "pool_every": 8,
    "hidden_dims": [
      512,
      256,
      128
    ],
    "model_type": "cnn",
    "kw": {}
  },
  "results": {
    "num_epochs": 31,
    "train_loss": [
      2.3028195985158284,
      2.3025315443674725,
      2.302383583386739,
      2.302175521850586,
      2.3017672634124757,
      2.300663963953654,
      2.295460433959961,
      2.2167568524678547,
      2.075954290231069,
      1.9846190698941548,
      1.9331864603360494,
      1.8922032141685485,
      1.8560131518046061,
      1.8256798529624938,
      1.7902892963091532,
      1.749344740708669,
      1.7083927178382874,
      1.6827311436335246,
      1.6653736782073976,
      1.6346246846516927,
      1.592907056013743,
      1.5689765429496765,
      1.5506224417686463,
      1.5123179531097413,
      1.4954367876052856,
      1.4726687288284301,
      1.452180248896281,
      1.4344832849502565,
      1.3964500991503397,
      1.3838714138666788,
      1.3592468508084614
    ],
    "train_acc": [
      9.78125,
      10.057291666666666,
      10.260416666666666,
      10.473958333333334,
      11.015625,
      12.885416666666666,
      16.901041666666668,
      18.135416666666668,
      23.770833333333332,
      27.260416666666668,
      29.260416666666668,
      30.885416666666668,
      32.661458333333336,
      34.520833333333336,
      36.333333333333336,
      37.78125,
      39.28125,
      40.348958333333336,
      41.09375,
      42.161458333333336,
      43.484375,
      44.510416666666664,
      45.380208333333336,
      46.359375,
      47.255208333333336,
      48.109375,
      48.625,
      49.244791666666664,
      50.609375,
      50.921875,
      51.78125
    ],
    "test_loss": [
      2.302455217043559,
      2.302418828010559,
      2.302304128011068,
      2.302050471305847,
      2.3014577118555706,
      2.299555335044861,
      2.2871343310674033,
      2.1083637857437134,
      1.969874304930369,
      1.926107615629832,
      1.872799691359202,
      1.8320456473032634,
      1.7894985930124918,
      1.7445842377344767,
      1.6970142459869384,
      1.6809617726008097,
      1.6580395356814066,
      1.6384737261136373,
      1.614178671836853,
      1.60509379307429,
      1.6166425045331319,
      1.6451322690645853,
      1.5943218859036763,
      1.5943836156527202,
      1.6294072604179382,
      1.5765225807825725,
      1.5796797275543213,
      1.5771478152275085,
      1.6411053800582887,
      1.8171052622795105,
      2.0137911160786945
    ],
    "test_acc": [
      9.933333333333334,
      10.05,
      10.05,
      10.05,
      10.533333333333333,
      15.883333333333333,
      17.0,
      22.083333333333332,
      27.983333333333334,
      28.666666666666668,
      32.18333333333333,
      34.71666666666667,
      35.68333333333333,
      37.61666666666667,
      40.016666666666666,
      41.05,
      42.03333333333333,
      42.46666666666667,
      43.0,
      43.25,
      43.233333333333334,
      42.11666666666667,
      43.56666666666667,
      43.95,
      43.31666666666667,
      43.95,
      44.78333333333333,
      44.8,
      43.63333333333333,
      41.016666666666666,
      37.28333333333333
    ]
  }
}