{
  "config": {
    "run_name": "exp1_2",
    "out_dir": "./results",
    "seed": 549761581,
    "device": null,
    "bs_train": 128,
    "bs_test": 40,
    "batches": 150,
    "epochs": 50,
    "early_stopping": 3,
    "checkpoints": null,
    "lr": 0.05,
    "reg": 0.01,
    "filters_per_layer": [
      64
    ],
    "layers_per_block": 2,
    "pool_every": 2,
    "hidden_dims": [
      512,
      256,
      128
    ],
    "model_type": "cnn",
    "kw": {}
  },
  "results": {
    "num_epochs": 43,
    "train_loss": [
      2.3005062977472943,
      2.2774500767389934,
      2.152647557258606,
      2.0362974413235984,
      1.9617152786254883,
      1.9070389930407206,
      1.8597918081283569,
      1.8168999290466308,
      1.7806876405080159,
      1.7476197083791096,
      1.7199163873990377,
      1.6900560585657756,
      1.6615886823336283,
      1.6363250438372294,
      1.6114154179890952,
      1.5882174754142762,
      1.566347841421763,
      1.5435485895474752,
      1.516939172744751,
      1.4919043691953022,
      1.4658897471427919,
      1.4396357949574787,
      1.4116149433453877,
      1.3872697671254477,
      1.374889488220215,
      1.3440026076634726,
      1.3095396296183268,
      1.2966322461764017,
      1.2719210902849833,
      1.248442755540212,
      1.2156254680951437,
      1.2019821866353353,
      1.170183287858963,
      1.1476788667837778,
      1.1215665968259176,
      1.1025255119800568,
      1.0772935251394908,
      1.0473374545574188,
      1.0188392726580302,
      1.0081830676396688,
      0.9687133963902791,
      0.9612458948294321,
      0.9285304840405783
    ],
    "train_acc": [
      12.947916666666666,
      15.291666666666666,
      21.307291666666668,
      25.421875,
      28.484375,
      31.067708333333332,
      33.057291666666664,
      34.692708333333336,
      36.005208333333336,
      37.151041666666664,
      38.25,
      39.369791666666664,
      40.432291666666664,
      41.161458333333336,
      42.151041666666664,
      43.0,
      43.921875,
      44.619791666666664,
      45.401041666666664,
      46.286458333333336,
      47.348958333333336,
      48.151041666666664,
      49.09375,
      50.005208333333336,
      50.723958333333336,
      51.927083333333336,
      53.046875,
      53.6875,
      54.494791666666664,
      55.4375,
      56.296875,
      57.151041666666664,
      58.286458333333336,
      58.791666666666664,
      60.151041666666664,
      60.520833333333336,
      61.609375,
      62.927083333333336,
      63.619791666666664,
      64.609375,
      65.55208333333333,
      66.6875,
      67.6875
    ],
    "test_loss": [
      2.29659618695577,
      2.2327676963806153,
      2.045007138252258,
      1.9565130535761515,
      1.8853176188468934,
      1.8278130769729615,
      1.783224257628123,
      1.7417885931332906,
      1.7061144741376242,
      1.676312719186147,
      1.6462043658892314,
      1.6197531406084698,
      1.595020363330841,
      1.5763918129603067,
      1.5571075169245403,
      1.5385160541534424,
      1.5307363557815552,
      1.506384383837382,
      1.487061402797699,
      1.4854359062512716,
      1.4704338423411052,
      1.4578727038701376,
      1.425426619052887,
      1.4011653780937194,
      1.382101989587148,
      1.3671194195747376,
      1.4353660114606221,
      1.3478056224187216,
      1.379599746465683,
      1.3133274348576864,
      1.3501419055461883,
      1.27338032523791,
      1.3499021240075428,
      1.2801615146795908,
      1.2590085979302723,
      1.3387867462635041,
      1.2535202674070993,
      1.4313280165195466,
      1.2998714983463286,
      1.226250537633896,
      1.7635598822434744,
      1.2735315299034118,
      1.2692031327883402
    ],
    "test_acc": [
      12.583333333333334,
      13.583333333333334,
      25.583333333333332,
      27.983333333333334,
      31.383333333333333,
      34.266666666666666,
      36.31666666666667,
      37.46666666666667,
      38.766666666666666,
      39.85,
      41.06666666666667,
      41.5,
      42.95,
      43.516666666666666,
      44.233333333333334,
      44.916666666666664,
      45.06666666666667,
      45.96666666666667,
      46.61666666666667,
      46.68333333333333,
      47.266666666666666,
      47.56666666666667,
      48.916666666666664,
      49.93333333333333,
      50.11666666666667,
      50.75,
      48.65,
      51.28333333333333,
      50.45,
      52.93333333333333,
      51.85,
      54.5,
      52.35,
      54.31666666666667,
      55.36666666666667,
      52.46666666666667,
      55.68333333333333,
      50.733333333333334,
      54.53333333333333,
      56.96666666666667,
      44.85,
      55.983333333333334,
      56.31666666666667
    ]
  }
}