{
  "config": {
    "run_name": "exp1_2",
    "out_dir": "./results",
    "seed": 1764993765,
    "device": null,
    "bs_train": 128,
    "bs_test": 40,
    "batches": 150,
    "epochs": 50,
    "early_stopping": 3,
    "checkpoints": null,
    "lr": 0.05,
    "reg": 0.01,
    "filters_per_layer": [
      32
    ],
    "layers_per_block": 2,
    "pool_every": 2,
    "hidden_dims": [
      512,
      256,
      128
    ],
    "model_type": "cnn",
    "kw": {}
  },
  "results": {
    "num_epochs": 38,
    "train_loss": [
      2.300744662284851,
      2.286359313329061,
      2.189308212598165,
      2.085403323173523,
      1.9982549142837525,
      1.9312917606035869,
      1.8798474009831747,
      1.8384069681167603,
      1.8006034088134766,
      1.7671391121546427,
      1.7399671347935994,
      1.7160078080495198,
      1.691805721918742,
      1.667689374287923,
      1.6449174324671427,
      1.622794037659963,
      1.606551830768585,
      1.5839800294240316,
      1.5626098839441935,
      1.544885926246643,
      1.5248275287946065,
      1.5070924178759257,
      1.483560668627421,
      1.4691354894638062,
      1.4468960841496785,
      1.4336404752731324,
      1.4142170604070028,
      1.393348449865977,
      1.3614487314224244,
      1.3397705086072287,
      1.325722612539927,
      1.3019736584027608,
      1.2809744453430176,
      1.2561937832832337,
      1.240013113816579,
      1.2134629245599111,
      1.1884058590730031,
      1.168260002930959
    ],
    "train_acc": [
      11.270833333333334,
      13.651041666666666,
      18.677083333333332,
      23.723958333333332,
      27.09375,
      30.046875,
      32.28125,
      33.911458333333336,
      35.270833333333336,
      36.494791666666664,
      37.651041666666664,
      38.427083333333336,
      39.354166666666664,
      40.296875,
      41.0,
      41.854166666666664,
      42.5,
      43.328125,
      44.072916666666664,
      44.90625,
      45.494791666666664,
      46.015625,
      46.760416666666664,
      47.34375,
      48.140625,
      48.895833333333336,
      49.369791666666664,
      50.265625,
      51.21875,
      52.328125,
      52.609375,
      53.395833333333336,
      54.229166666666664,
      55.203125,
      55.817708333333336,
      56.833333333333336,
      57.385416666666664,
      58.5625
    ],
    "test_loss": [
      2.2980755615234374,
      2.254037105242411,
      2.1283255791664124,
      2.013950976530711,
      1.9397538193066914,
      1.8633436973889668,
      1.817464864253998,
      1.773860251903534,
      1.7387452340126037,
      1.7088952620824178,
      1.682272079785665,
      1.6557842556635538,
      1.634670266310374,
      1.612045058409373,
      1.5863145565986634,
      1.568567032814026,
      1.5525363143285116,
      1.5358680446942647,
      1.5240503938992818,
      1.5191695793469746,
      1.4942285617192586,
      1.4942926319440206,
      1.4834991240501403,
      1.4634071032206217,
      1.4487850689888,
      1.4413002840677898,
      1.4151011466979981,
      1.4075074752171834,
      1.384137438138326,
      1.4122932640711467,
      1.366998864809672,
      1.3551384409268696,
      1.342064989010493,
      1.335350193977356,
      1.3131015435854594,
      1.3412089002132417,
      1.3253789548079173,
      1.3351418999830882
    ],
    "test_acc": [
      11.15,
      13.233333333333333,
      21.3,
      25.383333333333333,
      28.133333333333333,
      32.3,
      34.733333333333334,
      36.31666666666667,
      37.7,
      38.666666666666664,
      39.65,
      40.4,
      41.38333333333333,
      42.15,
      43.15,
      43.46666666666667,
      44.13333333333333,
      44.85,
      45.36666666666667,
      45.81666666666667,
      46.61666666666667,
      46.68333333333333,
      47.31666666666667,
      47.983333333333334,
      48.46666666666667,
      48.483333333333334,
      49.166666666666664,
      49.46666666666667,
      49.86666666666667,
      49.266666666666666,
      50.266666666666666,
      50.81666666666667,
      51.35,
      51.516666666666666,
      52.7,
      51.36666666666667,
      52.55,
      52.36666666666667
    ]
  }
}