{
  "config": {
    "run_name": "exp1_2",
    "out_dir": "./results",
    "seed": 491276293,
    "device": null,
    "bs_train": 128,
    "bs_test": 40,
    "batches": 150,
    "epochs": 50,
    "early_stopping": 3,
    "checkpoints": null,
    "lr": 0.05,
    "reg": 0.01,
    "filters_per_layer": [
      64
    ],
    "layers_per_block": 8,
    "pool_every": 4,
    "hidden_dims": [
      512,
      256,
      128
    ],
    "model_type": "cnn",
    "kw": {}
  },
  "results": {
    "num_epochs": 5,
    "train_loss": [
      2.303266313870748,
      2.30272428671519,
      2.3026400152842204,
      2.3026211325327557,
      2.3026139640808108
    ],
    "train_acc": [
      9.739583333333334,
      9.8125,
      9.96875,
      10.036458333333334,
      9.869791666666666
    ],
    "test_loss": [
      2.3026595004399617,
      2.302618001302083,
      2.302639242808024,
      2.3026530281702677,
      2.302659816741943
    ],
    "test_acc": [
      10.016666666666667,
      10.05,
      10.05,
      10.05,
      10.05
    ]
  }
}