{
  "config": {
    "run_name": "exp1_1",
    "out_dir": "./results",
    "seed": 906023121,
    "device": null,
    "bs_train": 128,
    "bs_test": 40,
    "batches": 150,
    "epochs": 50,
    "early_stopping": 3,
    "checkpoints": null,
    "lr": 0.05,
    "reg": 0.005,
    "filters_per_layer": [
      64
    ],
    "layers_per_block": 2,
    "pool_every": 8,
    "hidden_dims": [
      512,
      256,
      128
    ],
    "model_type": "cnn",
    "kw": {}
  },
  "results": {
    "num_epochs": 19,
    "train_loss": [
      2.2417007875442505,
      2.0370095650355022,
      1.906770896911621,
      1.8158552559216816,
      1.742889187335968,
      1.680421822865804,
      1.6259382740656534,
      1.5808762121200561,
      1.5403316521644592,
      1.5019099919001262,
      1.4639309946695964,
      1.428306176662445,
      1.3968731156984966,
      1.3563567145665487,
      1.3205694063504536,
      1.2790747920672099,
      1.2410190518697102,
      1.2084245769182842,
      1.1614862390359242
    ],
    "train_acc": [
      15.0,
      25.932291666666668,
      31.348958333333332,
      34.90625,
      37.421875,
      39.78125,
      41.723958333333336,
      43.3125,
      44.578125,
      46.364583333333336,
      47.734375,
      49.057291666666664,
      50.375,
      51.796875,
      53.401041666666664,
      55.171875,
      56.385416666666664,
      57.604166666666664,
      59.463541666666664
    ],
    "test_loss": [
      2.0770729120572407,
      1.9184597253799438,
      1.7957551598548889,
      1.71577321767807,
      1.6449883262316385,
      1.600727059841156,
      1.5550266607602437,
      1.5241511607170104,
      1.483820418516795,
      1.4531638105710347,
      1.465163045724233,
      1.4160428214073182,
      1.4096403002738953,
      1.550492041905721,
      1.4139237129688262,
      1.3345119933287302,
      1.3495754599571228,
      1.415453434785207,
      1.544092739423116
    ],
    "test_acc": [
      24.283333333333335,
      29.0,
      34.71666666666667,
      38.61666666666667,
      41.56666666666667,
      43.2,
      44.81666666666667,
      46.266666666666666,
      47.55,
      48.7,
      47.983333333333334,
      49.55,
      49.68333333333333,
      46.88333333333333,
      50.15,
      52.53333333333333,
      51.96666666666667,
      51.05,
      49.05
    ]
  }
}