{
  "config": {
    "run_name": "exp1_2",
    "out_dir": "./results",
    "seed": 1515515456,
    "device": null,
    "bs_train": 128,
    "bs_test": 40,
    "batches": 150,
    "epochs": 50,
    "early_stopping": 3,
    "checkpoints": null,
    "lr": 0.05,
    "reg": 0.01,
    "filters_per_layer": [
      64
    ],
    "layers_per_block": 4,
    "pool_every": 4,
    "hidden_dims": [
      512,
      256,
      128
    ],
    "model_type": "cnn",
    "kw": {}
  },
  "results": {
    "num_epochs": 3,
    "train_loss": [
      2.3031775538126626,
      2.3026099888483684,
      2.3025341669718427
    ],
    "train_acc": [
      9.947916666666666,
      9.822916666666666,
      9.796875
    ],
    "test_loss": [
      2.3026545000076295,
      2.302542943954468,
      2.3025545279184976
    ],
    "test_acc": [
      12.016666666666667,
      10.05,
      10.05
    ]
  }
}