{
  "config": {
    "run_name": "exp1_3",
    "out_dir": "./results",
    "seed": 1790015081,
    "device": null,
    "bs_train": 128,
    "bs_test": 40,
    "batches": 150,
    "epochs": 50,
    "early_stopping": 3,
    "checkpoints": null,
    "lr": 0.05,
    "reg": 0.01,
    "filters_per_layer": [
      64,
      128,
      256
    ],
    "layers_per_block": 1,
    "pool_every": 8,
    "hidden_dims": [
      512,
      256,
      128
    ],
    "model_type": "cnn",
    "kw": {}
  },
  "results": {
    "num_epochs": 21,
    "train_loss": [
      2.2921128209431965,
      2.142664893468221,
      1.9772745370864868,
      1.892403347492218,
      1.824398098786672,
      1.7659732000033062,
      1.7194819204012552,
      1.6827957646052043,
      1.6446602098147074,
      1.61719025293986,
      1.583399478594462,
      1.5599439255396526,
      1.534475093682607,
      1.5144189405441284,
      1.4938117615381876,
      1.4742807165781657,
      1.466631596883138,
      1.4458221737543742,
      1.4205004946390787,
      1.4034168497721353,
      1.3861749919255575
    ],
    "train_acc": [
      12.541666666666666,
      21.567708333333332,
      28.770833333333332,
      32.109375,
      34.963541666666664,
      37.015625,
      38.515625,
      39.817708333333336,
      41.3125,
      42.229166666666664,
      43.552083333333336,
      44.348958333333336,
      45.479166666666664,
      45.932291666666664,
      46.8125,
      47.4375,
      48.041666666666664,
      48.557291666666664,
      49.78125,
      50.322916666666664,
      50.760416666666664
    ],
    "test_loss": [
      2.247293162345886,
      1.989697527885437,
      1.887690938313802,
      1.7764102085431417,
      1.7148917897542317,
      1.6699246843655904,
      1.6424690556526185,
      1.6152345061302185,
      1.5914581394195557,
      1.5647452831268311,
      1.5323099128405253,
      1.5140049934387207,
      1.5029393275578817,
      1.480631968975067,
      1.4631008688608806,
      1.4636478845278422,
      1.4456092460950216,
      1.4435608665148416,
      1.451860901514689,
      1.4519314861297608,
      1.4494227623939515
    ],
    "test_acc": [
      14.233333333333333,
      26.7,
      31.1,
      37.05,
      39.766666666666666,
      41.8,
      42.53333333333333,
      43.233333333333334,
      44.0,
      44.833333333333336,
      45.766666666666666,
      46.483333333333334,
      47.05,
      48.0,
      49.06666666666667,
      48.8,
      49.016666666666666,
      49.2,
      48.666666666666664,
      48.916666666666664,
      48.68333333333333
    ]
  }
}