{
  "config": {
    "run_name": "exp1_1",
    "out_dir": "./results",
    "seed": 1402464199,
    "device": null,
    "bs_train": 128,
    "bs_test": 40,
    "batches": 150,
    "epochs": 50,
    "early_stopping": 3,
    "checkpoints": null,
    "lr": 0.05,
    "reg": 0.005,
    "filters_per_layer": [
      64
    ],
    "layers_per_block": 16,
    "pool_every": 8,
    "hidden_dims": [
      512,
      256,
      128
    ],
    "model_type": "cnn",
    "kw": {}
  },
  "results": {
    "num_epochs": 5,
    "train_loss": [
      2.3031626558303833,
      2.3026993401845295,
      2.302635118166606,
      2.3026242526372274,
      2.3026199674606325
    ],
    "train_acc": [
      9.651041666666666,
      10.010416666666666,
      9.604166666666666,
      9.833333333333334,
      9.953125
    ],
    "test_loss": [
      2.3028546285629274,
      2.3027052021026613,
      2.3026840623219806,
      2.3026814603805543,
      2.302681123415629
    ],
    "test_acc": [
      9.666666666666666,
      10.2,
      10.05,
      10.05,
      10.05
    ]
  }
}