{
  "config": {
    "run_name": "exp1_2",
    "out_dir": "./results",
    "seed": 364195953,
    "device": null,
    "bs_train": 128,
    "bs_test": 40,
    "batches": 150,
    "epochs": 50,
    "early_stopping": 3,
    "checkpoints": null,
    "lr": 0.05,
    "reg": 0.01,
    "filters_per_layer": [
      128
    ],
    "layers_per_block": 8,
    "pool_every": 4,
    "hidden_dims": [
      512,
      256,
      128
    ],
    "model_type": "cnn",
    "kw": {}
  },
  "results": {
    "num_epochs": 3,
    "train_loss": [
      2.3029423507054645,
      2.302661732037862,
      2.3026259644826252
    ],
    "train_acc": [
      9.583333333333334,
      9.708333333333334,
      9.828125
    ],
    "test_loss": [
      2.302766574223836,
      2.3026824299494426,
      2.302671244939168
    ],
    "test_acc": [
      10.05,
      10.05,
      10.05
    ]
  }
}