{
  "config": {
    "run_name": "exp1_1",
    "out_dir": "./results",
    "seed": 865213632,
    "device": null,
    "bs_train": 128,
    "bs_test": 40,
    "batches": 150,
    "epochs": 50,
    "early_stopping": 3,
    "checkpoints": null,
    "lr": 0.05,
    "reg": 0.005,
    "filters_per_layer": [
      64
    ],
    "layers_per_block": 4,
    "pool_every": 8,
    "hidden_dims": [
      512,
      256,
      128
    ],
    "model_type": "cnn",
    "kw": {}
  },
  "results": {
    "num_epochs": 23,
    "train_loss": [
      2.3029655917485554,
      2.3008921051025393,
      2.2726975806554157,
      2.0864664832750957,
      1.9753296772638957,
      1.9041351755460103,
      1.846944801012675,
      1.794726456006368,
      1.7400125193595886,
      1.6880576848983764,
      1.6378616007169087,
      1.5848359235127767,
      1.552996674378713,
      1.5237270553906759,
      1.5004525550206502,
      1.4596766312917073,
      1.4531212409337362,
      1.4156308325131735,
      1.3894371859232584,
      1.3573692440986633,
      1.3292569224039714,
      1.3156232412656148,
      1.2593883935610453
    ],
    "train_acc": [
      10.03125,
      11.703125,
      17.604166666666668,
      23.307291666666668,
      28.375,
      31.104166666666668,
      33.760416666666664,
      36.276041666666664,
      38.1875,
      39.963541666666664,
      42.057291666666664,
      43.671875,
      44.765625,
      45.947916666666664,
      46.614583333333336,
      48.135416666666664,
      48.364583333333336,
      49.796875,
      50.65625,
      52.026041666666664,
      53.161458333333336,
      53.78125,
      55.317708333333336
    ],
    "test_loss": [
      2.301826148033142,
      2.298396051724752,
      2.1876585817337038,
      2.0065957442919413,
      1.8922059178352355,
      1.8247212513287863,
      1.7458640583356222,
      1.7096530000368755,
      1.6616703669230144,
      1.6325639526049296,
      1.5905251002311707,
      1.544114158153534,
      1.5274223081270855,
      1.5014501118659973,
      1.4918247365951538,
      1.4622723325093587,
      1.4752066906293233,
      1.4374693131446838,
      1.5084836864471436,
      1.4533594306310018,
      1.566346861521403,
      1.5307367046674092,
      1.8047765334447226
    ],
    "test_acc": [
      10.2,
      17.466666666666665,
      23.15,
      25.183333333333334,
      32.266666666666666,
      34.96666666666667,
      37.8,
      39.25,
      41.31666666666667,
      42.21666666666667,
      43.78333333333333,
      44.9,
      45.583333333333336,
      46.28333333333333,
      47.2,
      48.28333333333333,
      47.96666666666667,
      48.81666666666667,
      46.88333333333333,
      49.483333333333334,
      46.36666666666667,
      47.46666666666667,
      42.3
    ]
  }
}