{
  "config": {
    "run_name": "exp2",
    "out_dir": "./results",
    "seed": 694879730,
    "device": null,
    "bs_train": 128,
    "bs_test": 40,
    "batches": 150,
    "epochs": 50,
    "early_stopping": 3,
    "checkpoints": null,
    "lr": 0.05,
    "reg": 0.01,
    "filters_per_layer": [
      32,
      64,
      128
    ],
    "layers_per_block": 3,
    "pool_every": 15,
    "hidden_dims": [
      512,
      256,
      128
    ],
    "model_type": "ycn",
    "kw": {}
  },
  "results": {
    "num_epochs": 15,
    "train_loss": [
      2.0476016251246136,
      1.6880449827512105,
      1.554650460879008,
      1.4625834647814433,
      1.3733531419436138,
      1.2989709361394246,
      1.2319859675566356,
      1.160816980600357,
      1.1012591155370077,
      1.047033174832662,
      0.985999980767568,
      0.9296609993775685,
      0.8778340446949006,
      0.8136336735884349,
      0.766862611969312
    ],
    "train_acc": [
      23.088541666666668,
      37.015625,
      42.265625,
      45.776041666666664,
      49.552083333333336,
      52.53125,
      55.317708333333336,
      58.213541666666664,
      60.348958333333336,
      62.416666666666664,
      64.70833333333333,
      67.07291666666667,
      68.90625,
      71.02083333333333,
      73.16666666666667
    ],
    "test_loss": [
      2.5641254925727845,
      1.9124663829803468,
      2.057576289176941,
      1.6529436000188191,
      1.5881160672505696,
      1.5901776734987896,
      1.4197373882929485,
      1.3344453704357147,
      1.4536918143431345,
      1.215566247701645,
      1.2271260289351145,
      1.1867446355024973,
      1.2821730009714762,
      1.76601686557134,
      1.803257106145223
    ],
    "test_acc": [
      15.716666666666667,
      30.833333333333332,
      31.483333333333334,
      39.38333333333333,
      43.9,
      44.15,
      48.666666666666664,
      51.266666666666666,
      46.65,
      55.56666666666667,
      55.15,
      57.65,
      55.4,
      47.166666666666664,
      46.7
    ]
  }
}