{
  "config": {
    "run_name": "exp1_2",
    "out_dir": "./results",
    "seed": 919838210,
    "device": null,
    "bs_train": 128,
    "bs_test": 40,
    "batches": 150,
    "epochs": 50,
    "early_stopping": 20,
    "checkpoints": null,
    "lr": 0.3,
    "reg": 0.01,
    "filters_per_layer": [
      32
    ],
    "layers_per_block": 8,
    "pool_every": 8,
    "hidden_dims": [
      512,
      256,
      128
    ],
    "model_type": "cnn",
    "kw": {}
  },
  "results": {
    "num_epochs": 20,
    "train_loss": [
      2.3033228588104246,
      2.3032500553131103,
      2.3032255872090657,
      2.3032164208094277,
      2.303212931950887,
      2.3032115999857585,
      2.3032110706965128,
      2.3032108481725055,
      2.3032107655207317,
      2.3032107528050743,
      2.3032107464472453,
      2.3032106939951578,
      2.303210713068644,
      2.303210711479187,
      2.3032106924057008,
      2.3032107162475586,
      2.3032106924057008,
      2.303210703531901,
      2.303210711479187,
      2.303210711479187
    ],
    "train_acc": [
      9.458333333333334,
      9.458333333333334,
      9.40625,
      9.453125,
      9.453125,
      9.453125,
      9.453125,
      9.453125,
      9.453125,
      9.453125,
      9.453125,
      9.453125,
      9.453125,
      9.453125,
      9.453125,
      9.453125,
      9.453125,
      9.453125,
      9.453125,
      9.453125
    ],
    "test_loss": [
      2.302548637390137,
      2.3025490140914915,
      2.3025504525502525,
      2.302550876935323,
      2.3025502490997316,
      2.302550711631775,
      2.3025509532292685,
      2.3025511519114175,
      2.302551058133443,
      2.302551285425822,
      2.302551228205363,
      2.302551170984904,
      2.302551080385844,
      2.302551180521647,
      2.302551180521647,
      2.302551291783651,
      2.3025512949625653,
      2.302551291783651,
      2.302551180521647,
      2.302551080385844
    ],
    "test_acc": [
      10.05,
      10.05,
      10.05,
      10.05,
      10.05,
      10.05,
      10.05,
      10.05,
      10.05,
      10.05,
      10.05,
      10.05,
      10.05,
      10.05,
      10.05,
      10.05,
      10.05,
      10.05,
      10.05,
      10.05
    ]
  }
}