{
  "config": {
    "run_name": "exp1_1",
    "out_dir": "./results",
    "seed": 1657274754,
    "device": null,
    "bs_train": 128,
    "bs_test": 40,
    "batches": 150,
    "epochs": 50,
    "early_stopping": 3,
    "checkpoints": null,
    "lr": 0.05,
    "reg": 0.005,
    "filters_per_layer": [
      64
    ],
    "layers_per_block": 8,
    "pool_every": 17,
    "hidden_dims": [
      512,
      256,
      128
    ],
    "model_type": "cnn",
    "kw": {}
  },
  "results": {
    "num_epochs": 3,
    "train_loss": [
      2.303446585337321,
      2.3027507956822713,
      2.302655838330587
    ],
    "train_acc": [
      10.239583333333334,
      10.239583333333334,
      10.083333333333334
    ],
    "test_loss": [
      2.30260026772817,
      2.3026038599014282,
      2.302643001874288
    ],
    "test_acc": [
      10.05,
      10.05,
      10.05
    ]
  }
}