{
  "config": {
    "run_name": "exp1_2",
    "out_dir": "./results",
    "seed": 1177076721,
    "device": null,
    "bs_train": 128,
    "bs_test": 40,
    "batches": 150,
    "epochs": 50,
    "early_stopping": 3,
    "checkpoints": null,
    "lr": 0.05,
    "reg": 0.01,
    "filters_per_layer": [
      256
    ],
    "layers_per_block": 2,
    "pool_every": 2,
    "hidden_dims": [
      512,
      256,
      128
    ],
    "model_type": "cnn",
    "kw": {}
  },
  "results": {
    "num_epochs": 31,
    "train_loss": [
      2.273926658630371,
      2.1127944564819336,
      1.975226390361786,
      1.8810092282295228,
      1.807570341428121,
      1.747515579064687,
      1.691590142250061,
      1.6393052474657694,
      1.5929194490114849,
      1.5460173726081847,
      1.5045329507191976,
      1.4709201773007712,
      1.4377862946192423,
      1.4053946073849997,
      1.3782492065429688,
      1.3461932722727459,
      1.308373912970225,
      1.2691014448801676,
      1.2251132607460022,
      1.1996566291650137,
      1.1565666250387827,
      1.1249903265635173,
      1.0827221667766571,
      1.0661388504505158,
      1.016250372727712,
      0.9916540157794952,
      0.9675609906514485,
      0.9332463439305624,
      0.8822756532828013,
      0.8786915043989817,
      0.8129520825544994
    ],
    "train_acc": [
      15.958333333333334,
      22.802083333333332,
      28.276041666666668,
      32.21875,
      35.286458333333336,
      37.552083333333336,
      39.5,
      41.390625,
      42.614583333333336,
      44.239583333333336,
      45.796875,
      46.953125,
      48.166666666666664,
      49.182291666666664,
      50.151041666666664,
      51.317708333333336,
      52.78125,
      54.484375,
      55.932291666666664,
      57.098958333333336,
      58.46875,
      59.380208333333336,
      61.260416666666664,
      62.046875,
      63.927083333333336,
      64.83333333333333,
      65.94270833333333,
      67.19791666666667,
      69.15625,
      69.15104166666667,
      71.55729166666667
    ],
    "test_loss": [
      2.325918477376302,
      2.0120138351122536,
      1.8733821153640746,
      1.7877891167004902,
      1.7107258240381877,
      1.6466414125760396,
      1.5967474977175395,
      1.5500576599438984,
      1.514878040154775,
      1.5235517962773641,
      1.4725665688514709,
      1.5035428643226623,
      1.4670167883237204,
      1.4403597195943196,
      1.3784670758247375,
      1.316413602431615,
      1.3109086767832439,
      1.2926672784487407,
      1.3048796550432842,
      1.2472049268086751,
      1.3244397306442262,
      1.2268808368841808,
      1.2658791450659435,
      1.181389933427175,
      1.4087218364079794,
      1.1562328708171845,
      1.3480830999215443,
      1.1691309571266175,
      1.2601307841142018,
      1.164522085984548,
      1.3807916355133056
    ],
    "test_acc": [
      11.25,
      24.983333333333334,
      31.55,
      35.75,
      38.833333333333336,
      41.05,
      42.6,
      43.833333333333336,
      45.083333333333336,
      45.28333333333333,
      46.65,
      45.96666666666667,
      46.95,
      48.03333333333333,
      50.36666666666667,
      52.68333333333333,
      52.9,
      53.43333333333333,
      52.983333333333334,
      55.483333333333334,
      53.55,
      56.4,
      56.083333333333336,
      58.083333333333336,
      52.233333333333334,
      59.7,
      54.38333333333333,
      59.81666666666667,
      57.55,
      59.483333333333334,
      55.15
    ]
  }
}