{
  "config": {
    "run_name": "exp1_2",
    "out_dir": "./results",
    "seed": 1660162942,
    "device": null,
    "bs_train": 128,
    "bs_test": 40,
    "batches": 150,
    "epochs": 50,
    "early_stopping": 20,
    "checkpoints": null,
    "lr": 0.3,
    "reg": 0.01,
    "filters_per_layer": [
      128
    ],
    "layers_per_block": 8,
    "pool_every": 8,
    "hidden_dims": [
      512,
      256,
      128
    ],
    "model_type": "cnn",
    "kw": {}
  },
  "results": {
    "num_epochs": 20,
    "train_loss": [
      2.3034589783350627,
      2.3032482035954795,
      2.303224910100301,
      2.3032161235809325,
      2.303212866783142,
      2.303211533228556,
      2.303210995992025,
      2.30321085135142,
      2.303210778236389,
      2.3032107400894164,
      2.303210725784302,
      2.3032107083002726,
      2.303210711479187,
      2.3032107162475586,
      2.3032107146581016,
      2.303210703531901,
      2.3032106971740722,
      2.3032107321421305,
      2.3032106924057008,
      2.3032106924057008
    ],
    "train_acc": [
      9.453125,
      9.401041666666666,
      9.46875,
      9.453125,
      9.453125,
      9.453125,
      9.453125,
      9.453125,
      9.453125,
      9.453125,
      9.453125,
      9.453125,
      9.453125,
      9.453125,
      9.453125,
      9.453125,
      9.453125,
      9.453125,
      9.453125,
      9.453125
    ],
    "test_loss": [
      2.302556161880493,
      2.302552393277486,
      2.3025511837005617,
      2.302550951639811,
      2.3025508562723798,
      2.3025508292516075,
      2.302550973892212,
      2.302551458676656,
      2.3025510183970135,
      2.302550841967265,
      2.302551132837931,
      2.302551072438558,
      2.302551080385844,
      2.302551024754842,
      2.302551291783651,
      2.302551080385844,
      2.3025510994593303,
      2.302551291783651,
      2.302551291783651,
      2.302551291783651
    ],
    "test_acc": [
      10.05,
      10.05,
      10.05,
      10.05,
      10.05,
      10.05,
      10.05,
      10.05,
      10.05,
      10.05,
      10.05,
      10.05,
      10.05,
      10.05,
      10.05,
      10.05,
      10.05,
      10.05,
      10.05,
      10.05
    ]
  }
}