{
  "config": {
    "run_name": "exp1_4",
    "out_dir": "./results",
    "seed": 594633343,
    "device": null,
    "bs_train": 128,
    "bs_test": 40,
    "batches": 150,
    "epochs": 50,
    "early_stopping": 3,
    "checkpoints": null,
    "lr": 0.05,
    "reg": 0.001,
    "filters_per_layer": [
      32
    ],
    "layers_per_block": 16,
    "pool_every": 16,
    "hidden_dims": [
      512,
      256,
      128
    ],
    "model_type": "resnet",
    "kw": {}
  },
  "results": {
    "num_epochs": 17,
    "train_loss": [
      2.2947224887212117,
      2.2048365290959677,
      2.0947860789299013,
      2.024131326675415,
      1.953692843914032,
      1.8973994366327922,
      1.8408143719037373,
      1.784869434038798,
      1.730508761405945,
      1.6781025489171346,
      1.6299665959676106,
      1.587231326897939,
      1.549027807712555,
      1.5165811117490133,
      1.4870069861412047,
      1.4594319423039754,
      1.433760665257772
    ],
    "train_acc": [
      12.166666666666666,
      17.895833333333332,
      21.354166666666668,
      25.291666666666668,
      28.265625,
      30.447916666666668,
      32.739583333333336,
      34.916666666666664,
      37.088541666666664,
      39.244791666666664,
      41.177083333333336,
      42.557291666666664,
      44.322916666666664,
      45.359375,
      46.557291666666664,
      47.505208333333336,
      48.510416666666664
    ],
    "test_loss": [
      2.2794660631815593,
      2.1247949838638305,
      2.055410182476044,
      1.978344821135203,
      1.898164119720459,
      1.835620714823405,
      1.7774228008588155,
      1.7230859899520874,
      1.6638945563634238,
      1.6133018485705057,
      1.5717440938949585,
      1.5455086342493694,
      1.5329775834083557,
      1.5333028157552084,
      1.5476798057556151,
      1.5546029996871948,
      1.549616458415985
    ],
    "test_acc": [
      17.933333333333334,
      17.316666666666666,
      22.8,
      26.616666666666667,
      30.483333333333334,
      33.916666666666664,
      35.96666666666667,
      37.86666666666667,
      39.88333333333333,
      41.43333333333333,
      42.916666666666664,
      43.85,
      44.3,
      44.416666666666664,
      44.233333333333334,
      44.1,
      44.166666666666664
    ]
  }
}