{
  "config": {
    "run_name": "exp1_1",
    "out_dir": "./results",
    "seed": 929921276,
    "device": null,
    "bs_train": 128,
    "bs_test": 40,
    "batches": 150,
    "epochs": 50,
    "early_stopping": 3,
    "checkpoints": null,
    "lr": 0.05,
    "reg": 0.005,
    "filters_per_layer": [
      32
    ],
    "layers_per_block": 2,
    "pool_every": 17,
    "hidden_dims": [
      512,
      256,
      128
    ],
    "model_type": "cnn",
    "kw": {}
  },
  "results": {
    "num_epochs": 30,
    "train_loss": [
      2.2885919698079427,
      2.1380044476191205,
      1.9930114873250326,
      1.8848259154955547,
      1.8060006483395894,
      1.744670290152232,
      1.692334836324056,
      1.6502159770329794,
      1.609339611530304,
      1.5745062549908957,
      1.5402896396319072,
      1.5106911484400432,
      1.4817324844996134,
      1.451503020922343,
      1.4236412080128988,
      1.3992041405042013,
      1.3721220056215921,
      1.3425715112686156,
      1.3123281343777975,
      1.2841893180211386,
      1.2636241229375202,
      1.2258892238140107,
      1.1910090335210164,
      1.1652783159414928,
      1.1250420435269675,
      1.091755092938741,
      1.0512745265165966,
      1.0230149213473003,
      0.9800066673755645,
      0.9268621647357941
    ],
    "train_acc": [
      15.026041666666666,
      21.447916666666668,
      28.213541666666668,
      31.984375,
      35.005208333333336,
      37.541666666666664,
      39.661458333333336,
      41.416666666666664,
      42.802083333333336,
      44.09375,
      45.348958333333336,
      46.65625,
      47.755208333333336,
      48.765625,
      49.723958333333336,
      50.619791666666664,
      51.65625,
      52.864583333333336,
      53.947916666666664,
      54.96875,
      55.463541666666664,
      57.09375,
      58.234375,
      59.1875,
      60.958333333333336,
      62.052083333333336,
      63.541666666666664,
      64.44270833333333,
      66.00520833333333,
      68.08333333333333
    ],
    "test_loss": [
      2.2404412762324015,
      2.1305299019813537,
      1.888647829691569,
      1.7946675213177998,
      1.711933364868164,
      1.6603640667597452,
      1.6162713638941446,
      1.5787279478708902,
      1.552471576531728,
      1.5455398615201315,
      1.522583928902944,
      1.511780149936676,
      1.4828041927019755,
      1.474510267575582,
      1.4580273850758871,
      1.474749505519867,
      1.4522372452418009,
      1.4431998801231385,
      1.431291937828064,
      1.5234405247370402,
      1.5128601988156636,
      1.414074504772822,
      1.4073442391554514,
      1.519365121126175,
      1.5831912779808044,
      1.4128728000322979,
      1.404163719813029,
      1.6635221687952677,
      1.530127484401067,
      1.4930487783749897
    ],
    "test_acc": [
      14.516666666666667,
      23.0,
      31.883333333333333,
      35.21666666666667,
      39.11666666666667,
      41.45,
      42.93333333333333,
      44.05,
      45.21666666666667,
      45.61666666666667,
      46.15,
      46.5,
      47.71666666666667,
      47.55,
      48.25,
      47.733333333333334,
      48.55,
      48.266666666666666,
      49.21666666666667,
      47.18333333333333,
      47.46666666666667,
      50.166666666666664,
      50.483333333333334,
      48.45,
      46.96666666666667,
      52.0,
      52.233333333333334,
      47.36666666666667,
      49.733333333333334,
      51.45
    ]
  }
}