{
  "config": {
    "run_name": "exp1_1",
    "out_dir": "./results",
    "seed": 1050881802,
    "device": null,
    "bs_train": 128,
    "bs_test": 40,
    "batches": 150,
    "epochs": 50,
    "early_stopping": 3,
    "checkpoints": null,
    "lr": 0.05,
    "reg": 0.005,
    "filters_per_layer": [
      64
    ],
    "layers_per_block": 2,
    "pool_every": 17,
    "hidden_dims": [
      512,
      256,
      128
    ],
    "model_type": "cnn",
    "kw": {}
  },
  "results": {
    "num_epochs": 21,
    "train_loss": [
      2.2723160950342813,
      2.0723281057675678,
      1.9177977458635966,
      1.8135291083653768,
      1.7457548475265503,
      1.6928864892323812,
      1.6443258595466614,
      1.5959190734227497,
      1.5547617379824321,
      1.5184658805529276,
      1.480083392461141,
      1.4454329148928324,
      1.410545325279236,
      1.3751828821500143,
      1.34670401652654,
      1.3187211950620015,
      1.2725360361735025,
      1.2354355164368946,
      1.2026503384113312,
      1.143783251841863,
      1.119131106932958
    ],
    "train_acc": [
      13.552083333333334,
      24.536458333333332,
      30.979166666666668,
      35.119791666666664,
      37.682291666666664,
      39.447916666666664,
      41.161458333333336,
      42.994791666666664,
      44.588541666666664,
      45.6875,
      46.953125,
      48.510416666666664,
      49.598958333333336,
      50.84375,
      52.21875,
      53.239583333333336,
      54.776041666666664,
      56.286458333333336,
      57.411458333333336,
      59.463541666666664,
      60.53125
    ],
    "test_loss": [
      2.1809276858965556,
      1.9551053595542909,
      1.797709186077118,
      1.7250381414095561,
      1.6789114117622375,
      1.6335368982950846,
      1.5933485047022502,
      1.5470466415087383,
      1.515331524213155,
      1.4770974691708882,
      1.4396826815605164,
      1.4119292203585307,
      1.431174442768097,
      1.3848501833279927,
      1.3942681396007537,
      1.4007834092775981,
      1.3892522633075715,
      1.3157346085707347,
      1.3289880530039468,
      1.337487508058548,
      1.3180914556980132
    ],
    "test_acc": [
      19.916666666666668,
      28.583333333333332,
      35.4,
      38.9,
      40.8,
      42.61666666666667,
      43.8,
      45.63333333333333,
      46.68333333333333,
      47.93333333333333,
      49.38333333333333,
      50.25,
      49.666666666666664,
      51.016666666666666,
      50.95,
      51.083333333333336,
      51.46666666666667,
      53.583333333333336,
      53.13333333333333,
      52.6,
      53.4
    ]
  }
}