{
  "config": {
    "run_name": "exp1_1",
    "out_dir": "./results",
    "seed": 2088046308,
    "device": null,
    "bs_train": 128,
    "bs_test": 40,
    "batches": 150,
    "epochs": 50,
    "early_stopping": 3,
    "checkpoints": null,
    "lr": 0.05,
    "reg": 0.005,
    "filters_per_layer": [
      32
    ],
    "layers_per_block": 4,
    "pool_every": 17,
    "hidden_dims": [
      512,
      256,
      128
    ],
    "model_type": "cnn",
    "kw": {}
  },
  "results": {
    "num_epochs": 26,
    "train_loss": [
      2.3026200246810915,
      2.3004259554545086,
      2.266627933184306,
      2.113051021893819,
      1.995879935423533,
      1.9212649607658385,
      1.8711588335037233,
      1.8131055609385172,
      1.7567698216438294,
      1.7060351538658143,
      1.6551680151621502,
      1.6179173024495443,
      1.5850155242284139,
      1.550555289586385,
      1.5246861950556436,
      1.499621430238088,
      1.4712239623069763,
      1.4398821409543354,
      1.4370461018880207,
      1.406931036313375,
      1.3759787130355834,
      1.3651995706558226,
      1.3062527322769164,
      1.3219700312614442,
      1.2732045185565948,
      1.2651754482587179
    ],
    "train_acc": [
      9.932291666666666,
      12.682291666666666,
      16.96875,
      22.546875,
      27.651041666666668,
      30.65625,
      32.817708333333336,
      35.526041666666664,
      37.71875,
      39.4375,
      40.84375,
      42.65625,
      43.911458333333336,
      44.84375,
      45.78125,
      46.708333333333336,
      47.885416666666664,
      49.0,
      48.942708333333336,
      50.15625,
      51.328125,
      51.442708333333336,
      53.625,
      52.989583333333336,
      54.890625,
      55.135416666666664
    ],
    "test_loss": [
      2.3019766791661582,
      2.298076252937317,
      2.1975084511439005,
      2.003323511282603,
      1.9005247370402019,
      1.8332887029647826,
      1.794131997426351,
      1.72477343638738,
      1.6895951453844706,
      1.6664769172668457,
      1.6209807729721069,
      1.6296952517827352,
      1.583711347579956,
      1.5903523143132527,
      1.5511384002367656,
      1.5799504669507345,
      1.5422268668810526,
      1.5534325512250264,
      1.5160159985224406,
      1.540735249519348,
      1.5611307803789776,
      1.5455294394493102,
      1.4963136498133343,
      1.6557047621409098,
      1.5436281283696494,
      1.7254654852549236
    ],
    "test_acc": [
      10.466666666666667,
      14.95,
      19.233333333333334,
      27.733333333333334,
      31.983333333333334,
      34.3,
      35.583333333333336,
      38.8,
      39.78333333333333,
      40.43333333333333,
      42.43333333333333,
      41.95,
      43.7,
      43.36666666666667,
      44.96666666666667,
      44.75,
      45.56666666666667,
      45.9,
      46.95,
      46.31666666666667,
      45.46666666666667,
      47.4,
      47.86666666666667,
      44.6,
      46.916666666666664,
      44.86666666666667
    ]
  }
}