{
  "config": {
    "run_name": "exp1_3",
    "out_dir": "./results",
    "seed": 122691340,
    "device": null,
    "bs_train": 128,
    "bs_test": 40,
    "batches": 150,
    "epochs": 50,
    "early_stopping": 15,
    "checkpoints": null,
    "lr": 0.01,
    "reg": 0.01,
    "filters_per_layer": [
      64,
      128,
      256
    ],
    "layers_per_block": 2,
    "pool_every": 12,
    "hidden_dims": [
      512,
      256,
      128
    ],
    "model_type": "cnn",
    "kw": {}
  },
  "results": {
    "num_epochs": 17,
    "train_loss": [
      2.3047035042444866,
      2.303899776140849,
      2.3033973010381064,
      2.3030766677856445,
      2.3028697617848715,
      2.302735171318054,
      2.3026470518112183,
      2.302588815689087,
      2.3025498072306316,
      2.3025234826405843,
      2.302505604426066,
      2.302493313153585,
      2.302484852472941,
      2.302478938102722,
      2.302474783261617,
      2.3024718618392943,
      2.3024697875976563
    ],
    "train_acc": [
      9.78125,
      9.880208333333334,
      9.947916666666666,
      9.989583333333334,
      10.046875,
      10.046875,
      10.020833333333334,
      9.989583333333334,
      9.963541666666666,
      10.015625,
      9.942708333333334,
      9.791666666666666,
      10.104166666666666,
      10.239583333333334,
      10.239583333333334,
      10.239583333333334,
      10.239583333333334
    ],
    "test_loss": [
      2.3039792744318643,
      2.3034485228856405,
      2.303128175735474,
      2.302934495608012,
      2.3028186559677124,
      2.3027507066726685,
      2.3027120049794516,
      2.3026908826828003,
      2.302680130004883,
      2.302675658861796,
      2.3026749086380005,
      2.302676035563151,
      2.3026782099405922,
      2.3026808500289917,
      2.3026835473378497,
      2.3026861317952476,
      2.3026885191599527
    ],
    "test_acc": [
      9.783333333333333,
      10.4,
      10.4,
      10.4,
      10.4,
      10.4,
      10.4,
      10.4,
      10.4,
      10.4,
      10.4,
      10.05,
      10.05,
      10.05,
      10.05,
      10.05,
      10.05
    ]
  }
}