{
  "config": {
    "run_name": "exp1_1",
    "out_dir": "./results",
    "seed": 2076292261,
    "device": null,
    "bs_train": 128,
    "bs_test": 40,
    "batches": 150,
    "epochs": 50,
    "early_stopping": 3,
    "checkpoints": null,
    "lr": 0.05,
    "reg": 0.005,
    "filters_per_layer": [
      32
    ],
    "layers_per_block": 8,
    "pool_every": 17,
    "hidden_dims": [
      512,
      256,
      128
    ],
    "model_type": "cnn",
    "kw": {}
  },
  "results": {
    "num_epochs": 3,
    "train_loss": [
      2.303319884936015,
      2.302730547587077,
      2.3026465956370035
    ],
    "train_acc": [
      9.911458333333334,
      9.901041666666666,
      10.104166666666666
    ],
    "test_loss": [
      2.3029662132263184,
      2.302740289370219,
      2.302697598139445
    ],
    "test_acc": [
      10.2,
      10.05,
      10.05
    ]
  }
}