{
  "config": {
    "run_name": "exp1_2",
    "out_dir": "./results",
    "seed": 1047954354,
    "device": null,
    "bs_train": 128,
    "bs_test": 40,
    "batches": 150,
    "epochs": 50,
    "early_stopping": 20,
    "checkpoints": null,
    "lr": 0.3,
    "reg": 0.01,
    "filters_per_layer": [
      64
    ],
    "layers_per_block": 8,
    "pool_every": 8,
    "hidden_dims": [
      512,
      256,
      128
    ],
    "model_type": "cnn",
    "kw": {}
  },
  "results": {
    "num_epochs": 20,
    "train_loss": [
      2.3033972120285036,
      2.30324582417806,
      2.3032238467534385,
      2.3032158358891803,
      2.3032127316792805,
      2.303211506207784,
      2.3032110261917116,
      2.3032108624776204,
      2.3032107559839883,
      2.303210743268331,
      2.30321072101593,
      2.3032107003529867,
      2.3032107162475586,
      2.303210686047872,
      2.3032106876373293,
      2.3032107067108156,
      2.303210695584615,
      2.303210695584615,
      2.3032106939951578,
      2.3032106892267863
    ],
    "train_acc": [
      9.338541666666666,
      9.421875,
      9.411458333333334,
      9.40625,
      9.453125,
      9.453125,
      9.453125,
      9.453125,
      9.453125,
      9.453125,
      9.453125,
      9.453125,
      9.453125,
      9.453125,
      9.453125,
      9.453125,
      9.453125,
      9.453125,
      9.453125,
      9.453125
    ],
    "test_loss": [
      2.30255433400472,
      2.3025521500905355,
      2.3025511789321897,
      2.302550762494405,
      2.3025507020950315,
      2.3025509881973267,
      2.302550967534383,
      2.302550792694092,
      2.3025507148106894,
      2.3025511121749878,
      2.302551040649414,
      2.302551007270813,
      2.302551180521647,
      2.302551180521647,
      2.3025511153539022,
      2.3025510342915854,
      2.302551180521647,
      2.30255108833313,
      2.3025510342915854,
      2.30255108833313
    ],
    "test_acc": [
      10.05,
      10.05,
      10.05,
      10.05,
      10.05,
      10.05,
      10.05,
      10.05,
      10.05,
      10.05,
      10.05,
      10.05,
      10.05,
      10.05,
      10.05,
      10.05,
      10.05,
      10.05,
      10.05,
      10.05
    ]
  }
}