{
  "config": {
    "run_name": "exp1_3",
    "out_dir": "./results",
    "seed": 701507764,
    "device": null,
    "bs_train": 128,
    "bs_test": 40,
    "batches": 150,
    "epochs": 50,
    "early_stopping": 15,
    "checkpoints": null,
    "lr": 0.01,
    "reg": 0.01,
    "filters_per_layer": [
      64,
      128,
      256
    ],
    "layers_per_block": 4,
    "pool_every": 12,
    "hidden_dims": [
      512,
      256,
      128
    ],
    "model_type": "cnn",
    "kw": {}
  },
  "results": {
    "num_epochs": 15,
    "train_loss": [
      2.303382199605306,
      2.3030824009577433,
      2.3028833882013955,
      2.3027507352828978,
      2.3026615301767985,
      2.302601014773051,
      2.3025597953796386,
      2.3025314950942994,
      2.3025119272867838,
      2.3024983421961465,
      2.302488751411438,
      2.302482096354167,
      2.302477312088013,
      2.30247385819753,
      2.302471357981364
    ],
    "train_acc": [
      10.098958333333334,
      10.098958333333334,
      10.098958333333334,
      10.098958333333334,
      10.098958333333334,
      10.098958333333334,
      10.098958333333334,
      10.098958333333334,
      10.098958333333334,
      10.098958333333334,
      10.036458333333334,
      9.567708333333334,
      9.947916666666666,
      10.088541666666666,
      10.046875
    ],
    "test_loss": [
      2.303076402346293,
      2.3029012139638265,
      2.3027943770090737,
      2.302731614112854,
      2.3026948833465575,
      2.3026754824320474,
      2.302666803995768,
      2.3026635710398358,
      2.3026637029647827,
      2.3026660585403445,
      2.3026701974868775,
      2.3026737213134765,
      2.3026769383748373,
      2.3026804224650066,
      2.3026839097340903
    ],
    "test_acc": [
      10.2,
      10.2,
      10.2,
      10.2,
      10.2,
      10.2,
      10.2,
      10.2,
      10.2,
      10.2,
      10.2,
      10.2,
      9.933333333333334,
      9.933333333333334,
      9.933333333333334
    ]
  }
}