{
  "config": {
    "run_name": "exp1_2",
    "out_dir": "./results",
    "seed": 305951301,
    "device": null,
    "bs_train": 128,
    "bs_test": 40,
    "batches": 150,
    "epochs": 50,
    "early_stopping": 20,
    "checkpoints": null,
    "lr": 0.05,
    "reg": 0.01,
    "filters_per_layer": [
      128
    ],
    "layers_per_block": 4,
    "pool_every": 4,
    "hidden_dims": [
      512,
      256,
      128
    ],
    "model_type": "cnn",
    "kw": {}
  },
  "results": {
    "num_epochs": 50,
    "train_loss": [
      2.3027370834350585,
      2.302086157798767,
      2.3016534662246704,
      2.3009275817871093,
      2.2990598011016847,
      2.2810048866271972,
      2.1684599177042645,
      2.092197082837423,
      2.0222101815541587,
      1.975939949353536,
      1.9428696727752686,
      1.912678240140279,
      1.8850446740786235,
      1.848654379049937,
      1.8134005649884541,
      1.7784130676587422,
      1.753757270971934,
      1.7255296770731607,
      1.707955596446991,
      1.689477231502533,
      1.6676433078447979,
      1.6569482604662578,
      1.634272821744283,
      1.6204749671618144,
      1.61117488861084,
      1.5917485404014586,
      1.5809587200482687,
      1.5638529634475709,
      1.5583951497077941,
      1.5414865231513977,
      1.5389390357335408,
      1.5418566505114237,
      1.5288324077924094,
      1.496694061756134,
      1.4950455554326376,
      1.4973685201009115,
      1.4854643853505451,
      1.4833479118347168,
      1.4628875748316448,
      1.4644292831420898,
      1.466503926118215,
      1.4356724699338277,
      1.4341403381029765,
      1.4281558458010355,
      1.4148956902821859,
      1.431744000116984,
      1.4476059158643086,
      1.387736607392629,
      1.3796158313751221,
      1.3894276309013367
    ],
    "train_acc": [
      10.171875,
      10.151041666666666,
      10.5625,
      12.145833333333334,
      15.348958333333334,
      14.65625,
      19.927083333333332,
      23.713541666666668,
      26.1875,
      27.598958333333332,
      28.640625,
      30.098958333333332,
      31.953125,
      33.598958333333336,
      35.307291666666664,
      36.557291666666664,
      37.682291666666664,
      38.53125,
      39.385416666666664,
      40.171875,
      40.880208333333336,
      41.333333333333336,
      41.989583333333336,
      42.421875,
      42.828125,
      43.453125,
      44.208333333333336,
      44.328125,
      44.546875,
      45.005208333333336,
      45.260416666666664,
      45.520833333333336,
      45.890625,
      47.0625,
      47.104166666666664,
      47.114583333333336,
      47.46875,
      47.682291666666664,
      48.317708333333336,
      48.182291666666664,
      48.442708333333336,
      49.317708333333336,
      49.625,
      49.786458333333336,
      49.973958333333336,
      49.65625,
      48.96875,
      51.416666666666664,
      51.510416666666664,
      51.072916666666664
    ],
    "test_loss": [
      2.3023937877019245,
      2.3019420798619588,
      2.30145059744517,
      2.300394646326701,
      2.2971536827087404,
      2.2358926836649577,
      2.1094073907534283,
      2.0234201725323997,
      1.9433690071105958,
      1.911989558537801,
      1.8815672675768533,
      1.8542973669370015,
      1.7916212646166483,
      1.7579585806528728,
      1.735943510532379,
      1.7132299399375917,
      1.6751835028330484,
      1.6646967180569967,
      1.6510485219955444,
      1.6402905448277791,
      1.6233873963356018,
      1.6347037370999653,
      1.6299211478233337,
      1.6345032731691995,
      1.5969770248730977,
      1.5716654427846273,
      1.594898332754771,
      1.5901652415593466,
      1.530374838511149,
      1.7278138041496276,
      1.6025563700993857,
      1.5072413714726767,
      1.5109900808334351,
      1.5230093336105346,
      1.5200547568003338,
      1.5144924918810527,
      1.4900926351547241,
      1.4998801120122274,
      1.5389353919029236,
      1.549271612962087,
      1.4851316992441814,
      1.5794992280006408,
      1.5048923079172771,
      1.4925151721636454,
      1.4652992105484008,
      1.6915494147936503,
      1.5754977440834046,
      1.5573348919550578,
      1.5656520318984986,
      1.490936228434245
    ],
    "test_acc": [
      10.2,
      10.05,
      10.116666666666667,
      14.0,
      16.45,
      16.3,
      23.116666666666667,
      26.266666666666666,
      29.4,
      29.766666666666666,
      30.85,
      33.35,
      35.4,
      36.65,
      37.833333333333336,
      39.31666666666667,
      40.483333333333334,
      41.1,
      41.13333333333333,
      41.9,
      42.63333333333333,
      42.45,
      42.78333333333333,
      42.916666666666664,
      43.6,
      44.21666666666667,
      43.766666666666666,
      43.81666666666667,
      45.483333333333334,
      40.86666666666667,
      43.81666666666667,
      46.733333333333334,
      46.11666666666667,
      45.75,
      46.1,
      46.13333333333333,
      47.0,
      47.31666666666667,
      45.81666666666667,
      45.18333333333333,
      47.46666666666667,
      45.53333333333333,
      46.38333333333333,
      47.65,
      47.93333333333333,
      43.28333333333333,
      45.2,
      45.25,
      45.81666666666667,
      47.733333333333334
    ]
  }
}