{
  "config": {
    "run_name": "exp1_4",
    "out_dir": "./results",
    "seed": 1305220809,
    "device": null,
    "bs_train": 128,
    "bs_test": 40,
    "batches": 150,
    "epochs": 50,
    "early_stopping": 3,
    "checkpoints": null,
    "lr": 0.05,
    "reg": 0.001,
    "filters_per_layer": [
      32
    ],
    "layers_per_block": 8,
    "pool_every": 16,
    "hidden_dims": [
      512,
      256,
      128
    ],
    "model_type": "resnet",
    "kw": {}
  },
  "results": {
    "num_epochs": 33,
    "train_loss": [
      2.251701846122742,
      2.0716893696784973,
      1.94824303150177,
      1.86753852446874,
      1.8046483810742695,
      1.7475940998395283,
      1.6941725246111552,
      1.64586944659551,
      1.6097337190310161,
      1.5716524147987365,
      1.5360427769025167,
      1.5025450015068054,
      1.4696490875879924,
      1.4367746639251708,
      1.4046206164360047,
      1.3727766450246175,
      1.3415154814720154,
      1.3043006944656372,
      1.265843854745229,
      1.2435555187861125,
      1.2002131843566894,
      1.1590001086393993,
      1.1316071089108786,
      1.084721116622289,
      1.050812087059021,
      1.0154792428016663,
      0.974201949040095,
      0.9246851086616517,
      0.881299231449763,
      0.8496274681886037,
      0.8044772434234619,
      0.7484544996420542,
      0.7027557824055354
    ],
    "train_acc": [
      16.958333333333332,
      24.161458333333332,
      29.3125,
      32.786458333333336,
      35.161458333333336,
      37.260416666666664,
      39.286458333333336,
      41.364583333333336,
      42.604166666666664,
      44.130208333333336,
      45.453125,
      46.635416666666664,
      48.171875,
      49.052083333333336,
      50.223958333333336,
      51.375,
      52.666666666666664,
      54.34375,
      55.5,
      56.458333333333336,
      58.09375,
      59.604166666666664,
      60.760416666666664,
      62.145833333333336,
      63.364583333333336,
      64.84375,
      66.15625,
      68.06770833333333,
      69.4375,
      70.99479166666667,
      72.50520833333333,
      74.25520833333333,
      75.94270833333333
    ],
    "test_loss": [
      2.1034115012486776,
      1.9760650436083476,
      1.861644172668457,
      1.7882226856549581,
      1.729585678577423,
      1.6769443623224893,
      1.636389148235321,
      1.5990123025576273,
      1.577850584189097,
      1.5538938570022582,
      1.534081966082255,
      1.5188010636965434,
      1.4992817417780557,
      1.4927817956606546,
      1.4939147233963013,
      1.489181604385376,
      1.4755778225262959,
      1.4123172994454702,
      1.3881352110703786,
      1.4780031394958497,
      1.3836795032024383,
      1.5292649229367574,
      1.3768750739097595,
      1.3993736533323924,
      1.3808360342184702,
      1.4516812853018444,
      1.3782222624619802,
      1.4704260842005412,
      1.8030809712409974,
      1.3926793980598449,
      1.7590054734547933,
      1.4602376560370127,
      1.5771730510393778
    ],
    "test_acc": [
      23.8,
      27.1,
      32.68333333333333,
      36.31666666666667,
      38.266666666666666,
      39.983333333333334,
      41.55,
      42.65,
      43.56666666666667,
      44.68333333333333,
      45.35,
      45.88333333333333,
      46.55,
      46.95,
      47.06666666666667,
      47.233333333333334,
      47.583333333333336,
      49.416666666666664,
      50.36666666666667,
      48.3,
      50.9,
      47.583333333333336,
      51.666666666666664,
      50.333333333333336,
      52.13333333333333,
      50.81666666666667,
      52.516666666666666,
      50.7,
      46.4,
      53.083333333333336,
      48.05,
      52.88333333333333,
      50.93333333333333
    ]
  }
}