{
  "config": {
    "run_name": "exp1_2",
    "out_dir": "./results",
    "seed": 1374703339,
    "device": null,
    "bs_train": 128,
    "bs_test": 40,
    "batches": 150,
    "epochs": 50,
    "early_stopping": 3,
    "checkpoints": null,
    "lr": 0.05,
    "reg": 0.01,
    "filters_per_layer": [
      64
    ],
    "layers_per_block": 2,
    "pool_every": 2,
    "hidden_dims": [
      512,
      256,
      128
    ],
    "model_type": "cnn",
    "kw": {}
  },
  "results": {
    "num_epochs": 27,
    "train_loss": [
      2.2945695050557453,
      2.20081468741099,
      2.072188799381256,
      1.9764706150690714,
      1.9049310278892517,
      1.853120381832123,
      1.8052795616785686,
      1.7616464217503867,
      1.7233421651522318,
      1.6843243678410849,
      1.6568878269195557,
      1.6200462007522582,
      1.59285751024882,
      1.5647544773419697,
      1.5380255301793417,
      1.5083155918121338,
      1.4821071608861287,
      1.462812906106313,
      1.4309637173016867,
      1.4072200886408488,
      1.3827346301078796,
      1.3610174695650736,
      1.3405947804450988,
      1.3141248353322348,
      1.2861650331815084,
      1.268393345673879,
      1.246598829428355
    ],
    "train_acc": [
      11.953125,
      18.359375,
      24.125,
      28.354166666666668,
      31.234375,
      33.203125,
      35.046875,
      36.739583333333336,
      38.046875,
      39.729166666666664,
      40.901041666666664,
      42.239583333333336,
      43.114583333333336,
      44.119791666666664,
      44.916666666666664,
      45.9375,
      46.713541666666664,
      47.614583333333336,
      48.567708333333336,
      49.536458333333336,
      50.432291666666664,
      51.244791666666664,
      51.942708333333336,
      52.822916666666664,
      54.119791666666664,
      54.671875,
      55.4375
    ],
    "test_loss": [
      2.2746961895624795,
      2.103348919550578,
      1.991925628980001,
      1.8919418970743815,
      1.833106344540914,
      1.7814972305297851,
      1.730681757926941,
      1.684525000254313,
      1.6421832370758056,
      1.6066952490806579,
      1.5818369634946188,
      1.56015731493632,
      1.5396462138493856,
      1.5145792889595031,
      1.4967077422142028,
      1.4691946784655252,
      1.4833760221799215,
      1.4379718899726868,
      1.401054490407308,
      1.4094196462631225,
      1.3702309234937031,
      1.344555265903473,
      1.3352372280756633,
      1.32163716673851,
      1.3411251084009805,
      1.3409550551573435,
      1.3323311964670816
    ],
    "test_acc": [
      13.2,
      22.95,
      26.9,
      31.283333333333335,
      34.266666666666666,
      36.15,
      38.21666666666667,
      39.75,
      41.233333333333334,
      42.38333333333333,
      43.43333333333333,
      44.15,
      44.93333333333333,
      45.8,
      46.333333333333336,
      47.25,
      46.75,
      48.38333333333333,
      49.85,
      49.53333333333333,
      50.65,
      51.38333333333333,
      52.11666666666667,
      52.8,
      51.61666666666667,
      51.55,
      52.31666666666667
    ]
  }
}