{
  "config": {
    "run_name": "exp1_4",
    "out_dir": "./results",
    "seed": 532758846,
    "device": null,
    "bs_train": 128,
    "bs_test": 40,
    "batches": 150,
    "epochs": 50,
    "early_stopping": 10,
    "checkpoints": null,
    "lr": 0.03,
    "reg": 0.001,
    "filters_per_layer": [
      64,
      128,
      256
    ],
    "layers_per_block": 8,
    "pool_every": 12,
    "hidden_dims": [
      512,
      256,
      128
    ],
    "model_type": "resnet",
    "kw": {}
  },
  "results": {
    "num_epochs": 50,
    "train_loss": [
      2.30141396522522,
      2.297823254267375,
      2.2909821176528933,
      2.2672811269760134,
      2.1679264068603517,
      2.1030015691121418,
      2.0641232109069825,
      2.030741093158722,
      2.004208134015401,
      1.982273631890615,
      1.9597379318873087,
      1.9330146423975627,
      1.9002343527475993,
      1.863005838394165,
      1.8241479539871215,
      1.7844207294782002,
      1.7459642759958902,
      1.7083700029055278,
      1.6713624135653178,
      1.6367532404263814,
      1.6047546219825746,
      1.575091503461202,
      1.547232916355133,
      1.5222027158737184,
      1.4994857533772787,
      1.4783283933003744,
      1.4596385590235392,
      1.4416364852587382,
      1.4246509750684102,
      1.408324217001597,
      1.3925820446014405,
      1.3767098633448283,
      1.360503961245219,
      1.3450350419680277,
      1.3290022603670757,
      1.3135516810417176,
      1.2979743878046672,
      1.281765042146047,
      1.2658711854616802,
      1.2500226219495139,
      1.2332684183120728,
      1.2172166740894317,
      1.200640131632487,
      1.1836181128025054,
      1.1658492660522461,
      1.1479226942857106,
      1.131374869743983,
      1.1155699654420217,
      1.095585395892461,
      1.0781313224633535
    ],
    "train_acc": [
      12.28125,
      16.390625,
      19.765625,
      19.432291666666668,
      19.588541666666668,
      21.0,
      22.401041666666668,
      23.770833333333332,
      25.010416666666668,
      26.125,
      27.510416666666668,
      28.90625,
      30.817708333333332,
      32.416666666666664,
      34.104166666666664,
      35.59375,
      37.036458333333336,
      38.473958333333336,
      39.630208333333336,
      41.005208333333336,
      42.114583333333336,
      43.364583333333336,
      44.34375,
      45.359375,
      46.223958333333336,
      46.598958333333336,
      47.385416666666664,
      47.932291666666664,
      48.578125,
      49.192708333333336,
      49.916666666666664,
      50.526041666666664,
      50.96875,
      51.578125,
      52.078125,
      52.677083333333336,
      53.291666666666664,
      53.890625,
      54.541666666666664,
      55.09375,
      55.828125,
      56.46875,
      56.9375,
      57.677083333333336,
      58.390625,
      58.833333333333336,
      59.567708333333336,
      60.192708333333336,
      60.973958333333336,
      61.588541666666664
    ],
    "test_loss": [
      2.299641981124878,
      2.2953803316752115,
      2.2847910594940184,
      2.23784765402476,
      2.119123113155365,
      2.0803174138069154,
      2.048579858938853,
      2.0191720287005106,
      1.9987154054641723,
      1.9758530577023825,
      1.9505275185902913,
      1.9173433740933736,
      1.8733279347419738,
      1.825000875790914,
      1.7783460251490275,
      1.736229705810547,
      1.6977036587397258,
      1.6567466870943706,
      1.6191429503758747,
      1.5855872869491576,
      1.556828368504842,
      1.5312352148691812,
      1.5126499342918396,
      1.4938570634524027,
      1.4859386928876241,
      1.4807463002204895,
      1.4737502038478851,
      1.4662376288572947,
      1.457808589140574,
      1.4522961393992107,
      1.441811182498932,
      1.4311816982428234,
      1.4226089533170063,
      1.4178774762153625,
      1.4115810962518056,
      1.4003872974713643,
      1.3932730094591776,
      1.378665819565455,
      1.3686840955416362,
      1.3573290173212686,
      1.3588736124833425,
      1.3512278493245442,
      1.3554688374201456,
      1.336933695077896,
      1.3402112662792205,
      1.3332219330469768,
      1.3191149961948394,
      1.3445397436618804,
      1.3040589082241059,
      1.3007599027951557
    ],
    "test_acc": [
      14.966666666666667,
      19.533333333333335,
      19.7,
      17.333333333333332,
      19.25,
      21.783333333333335,
      23.233333333333334,
      24.2,
      25.083333333333332,
      26.166666666666668,
      27.833333333333332,
      29.9,
      32.3,
      34.1,
      36.18333333333333,
      37.38333333333333,
      38.96666666666667,
      39.78333333333333,
      41.166666666666664,
      42.36666666666667,
      43.35,
      44.1,
      45.3,
      46.05,
      46.61666666666667,
      47.03333333333333,
      47.18333333333333,
      47.5,
      47.63333333333333,
      47.833333333333336,
      48.36666666666667,
      48.61666666666667,
      48.916666666666664,
      49.25,
      49.55,
      49.75,
      50.21666666666667,
      50.516666666666666,
      50.766666666666666,
      51.31666666666667,
      51.15,
      51.3,
      51.4,
      51.93333333333333,
      52.05,
      52.06666666666667,
      53.083333333333336,
      52.25,
      53.483333333333334,
      53.81666666666667
    ]
  }
}