{
  "config": {
    "run_name": "exp1_3",
    "out_dir": "./results",
    "seed": 1942483448,
    "device": null,
    "bs_train": 128,
    "bs_test": 40,
    "batches": 150,
    "epochs": 50,
    "early_stopping": 15,
    "checkpoints": null,
    "lr": 0.01,
    "reg": 0.01,
    "filters_per_layer": [
      64,
      128,
      256
    ],
    "layers_per_block": 3,
    "pool_every": 12,
    "hidden_dims": [
      512,
      256,
      128
    ],
    "model_type": "cnn",
    "kw": {}
  },
  "results": {
    "num_epochs": 15,
    "train_loss": [
      2.3036184469858805,
      2.3032123406728107,
      2.302956689198812,
      2.3027924235661823,
      2.3026854832967123,
      2.3026149129867552,
      2.3025678714116413,
      2.3025362888971963,
      2.3025148725509643,
      2.3025001668930054,
      2.3024899927775064,
      2.302482967376709,
      2.3024779685338337,
      2.3024743382136026,
      2.302471694946289
    ],
    "train_acc": [
      9.791666666666666,
      9.791666666666666,
      9.84375,
      10.104166666666666,
      10.192708333333334,
      10.192708333333334,
      10.192708333333334,
      10.192708333333334,
      10.192708333333334,
      10.192708333333334,
      10.192708333333334,
      10.192708333333334,
      10.192708333333334,
      10.192708333333334,
      10.192708333333334
    ],
    "test_loss": [
      2.303579044342041,
      2.303270837465922,
      2.3030761671066284,
      2.302951537768046,
      2.302871209780375,
      2.302818627357483,
      2.3027841218312584,
      2.3027617867787677,
      2.302746513684591,
      2.302736744880676,
      2.302730221748352,
      2.302726019223531,
      2.302722822825114,
      2.3027209345499675,
      2.30271871248881
    ],
    "test_acc": [
      10.083333333333334,
      10.083333333333334,
      9.933333333333334,
      9.933333333333334,
      9.933333333333334,
      9.933333333333334,
      9.933333333333334,
      9.933333333333334,
      9.933333333333334,
      9.933333333333334,
      9.933333333333334,
      9.933333333333334,
      9.933333333333334,
      9.933333333333334,
      9.933333333333334
    ]
  }
}