{
  "config": {
    "run_name": "exp1_1",
    "out_dir": "./results",
    "seed": 704003126,
    "device": null,
    "bs_train": 128,
    "bs_test": 40,
    "batches": 150,
    "epochs": 50,
    "early_stopping": 3,
    "checkpoints": null,
    "lr": 0.05,
    "reg": 0.005,
    "filters_per_layer": [
      64
    ],
    "layers_per_block": 4,
    "pool_every": 17,
    "hidden_dims": [
      512,
      256,
      128
    ],
    "model_type": "cnn",
    "kw": {}
  },
  "results": {
    "num_epochs": 19,
    "train_loss": [
      2.303153560956319,
      2.301842149098714,
      2.297289063135783,
      2.2005007044474283,
      2.0603689249356587,
      1.9513074000676474,
      1.865466107527415,
      1.7924375057220459,
      1.7306979926427206,
      1.6731571038564046,
      1.6345562402407328,
      1.5935624066988627,
      1.5653689551353454,
      1.530281778971354,
      1.5108086466789246,
      1.481167901357015,
      1.4550010736783345,
      1.439501876036326,
      1.4054646833737692
    ],
    "train_acc": [
      10.192708333333334,
      10.171875,
      14.588541666666666,
      18.364583333333332,
      25.708333333333332,
      29.666666666666668,
      33.109375,
      36.244791666666664,
      38.380208333333336,
      40.364583333333336,
      41.640625,
      43.104166666666664,
      44.552083333333336,
      45.546875,
      46.177083333333336,
      46.880208333333336,
      48.255208333333336,
      48.6875,
      50.088541666666664
    ],
    "test_loss": [
      2.3022416400909425,
      2.300982182820638,
      2.286777311960856,
      2.0826766697565713,
      1.9906145604451497,
      1.8523591303825377,
      1.7851426100730896,
      1.7362363402048746,
      1.6857118431727092,
      1.6217568294207254,
      1.576535849571228,
      1.5504124236106873,
      1.526014609336853,
      1.5034299071629842,
      1.5098509375254314,
      1.4722944990793865,
      1.4716239595413207,
      1.5005293242136637,
      1.5842182016372681
    ],
    "test_acc": [
      9.933333333333334,
      9.916666666666666,
      17.733333333333334,
      26.583333333333332,
      26.566666666666666,
      33.38333333333333,
      36.4,
      38.583333333333336,
      40.28333333333333,
      43.15,
      44.833333333333336,
      45.733333333333334,
      45.8,
      47.3,
      45.93333333333333,
      48.18333333333333,
      48.05,
      46.68333333333333,
      44.916666666666664
    ]
  }
}