{
  "config": {
    "run_name": "exp1_3",
    "out_dir": "./results",
    "seed": 716728951,
    "device": null,
    "bs_train": 128,
    "bs_test": 40,
    "batches": 150,
    "epochs": 50,
    "early_stopping": 15,
    "checkpoints": null,
    "lr": 0.01,
    "reg": 0.01,
    "filters_per_layer": [
      64,
      128,
      256
    ],
    "layers_per_block": 1,
    "pool_every": 12,
    "hidden_dims": [
      512,
      256,
      128
    ],
    "model_type": "cnn",
    "kw": {}
  },
  "results": {
    "num_epochs": 50,
    "train_loss": [
      2.302581165631612,
      2.2988348881403606,
      2.292693772315979,
      2.271661720275879,
      2.1757181390126545,
      2.079319330851237,
      1.9907185626029968,
      1.9251327188809713,
      1.8751441486676534,
      1.8316071144739787,
      1.7953501852353413,
      1.7636905519167583,
      1.735617843468984,
      1.7105445090929667,
      1.6874716846148172,
      1.6667260034879048,
      1.6477035133043925,
      1.6302536662419638,
      1.6140638279914856,
      1.5986432075500487,
      1.5839903783798217,
      1.5692337012290956,
      1.5548285047213237,
      1.5406175303459166,
      1.5267442576090495,
      1.5139528632164,
      1.5001273345947266,
      1.486864366531372,
      1.4749830865859985,
      1.462860738436381,
      1.449138986269633,
      1.4365484960873922,
      1.423545889854431,
      1.4100381588935853,
      1.3972677127520243,
      1.3843545420964558,
      1.371277598539988,
      1.35891526222229,
      1.3470914999643961,
      1.3343607592582702,
      1.3209815287590028,
      1.308822124004364,
      1.2961186408996581,
      1.2847860908508302,
      1.2720158735911051,
      1.2596991340319315,
      1.2450377464294433,
      1.2312417602539063,
      1.222145789861679,
      1.2141097072760265
    ],
    "train_acc": [
      15.510416666666666,
      19.125,
      19.796875,
      19.411458333333332,
      21.046875,
      24.734375,
      28.28125,
      30.875,
      32.729166666666664,
      34.390625,
      35.817708333333336,
      37.213541666666664,
      38.114583333333336,
      39.036458333333336,
      39.953125,
      40.625,
      41.364583333333336,
      42.057291666666664,
      42.776041666666664,
      43.34375,
      43.729166666666664,
      44.328125,
      44.880208333333336,
      45.401041666666664,
      45.713541666666664,
      46.041666666666664,
      46.552083333333336,
      47.041666666666664,
      47.510416666666664,
      47.979166666666664,
      48.588541666666664,
      49.020833333333336,
      49.5625,
      50.083333333333336,
      50.666666666666664,
      51.083333333333336,
      51.5625,
      51.989583333333336,
      52.364583333333336,
      52.78125,
      53.536458333333336,
      53.880208333333336,
      54.4375,
      54.822916666666664,
      55.078125,
      55.666666666666664,
      56.177083333333336,
      56.604166666666664,
      57.182291666666664,
      57.3125
    ],
    "test_loss": [
      2.300745644569397,
      2.296379356384277,
      2.2873264169692993,
      2.2426528930664062,
      2.1210653432210287,
      1.986727107365926,
      1.9199552615483602,
      1.8735476231575012,
      1.8272781944274903,
      1.7876380721728007,
      1.754118147691091,
      1.7261191280682882,
      1.700727736155192,
      1.6793810025850933,
      1.6608629075686137,
      1.643485594590505,
      1.6286137700080872,
      1.6149602222442627,
      1.6025850399335226,
      1.5913005781173706,
      1.5781320031483967,
      1.5662249859174093,
      1.5540550621350606,
      1.5420674284299214,
      1.5306379095713298,
      1.520886557896932,
      1.5088303112983703,
      1.499566429456075,
      1.4901378870010376,
      1.482164602279663,
      1.472657880783081,
      1.4636155811945597,
      1.4555253048737844,
      1.448709361155828,
      1.43691841562589,
      1.4283381672700246,
      1.4215574423472086,
      1.4165835654735566,
      1.408763945500056,
      1.4030463886260987,
      1.4006730683644613,
      1.3952030618985494,
      1.3903163878122966,
      1.3877393877506257,
      1.3867690328756967,
      1.381358697414398,
      1.3752347270647685,
      1.367749311129252,
      1.3693382199605306,
      1.361119781335195
    ],
    "test_acc": [
      19.883333333333333,
      20.4,
      20.983333333333334,
      21.766666666666666,
      21.433333333333334,
      28.3,
      30.15,
      32.25,
      34.46666666666667,
      36.43333333333333,
      37.85,
      38.96666666666667,
      39.8,
      40.68333333333333,
      41.2,
      41.63333333333333,
      42.36666666666667,
      42.85,
      43.36666666666667,
      43.75,
      44.21666666666667,
      44.65,
      45.03333333333333,
      45.38333333333333,
      45.63333333333333,
      46.1,
      46.45,
      46.516666666666666,
      47.05,
      47.18333333333333,
      47.7,
      47.983333333333334,
      48.15,
      48.5,
      49.0,
      49.2,
      49.6,
      49.53333333333333,
      49.55,
      49.916666666666664,
      50.15,
      50.31666666666667,
      50.61666666666667,
      50.78333333333333,
      51.016666666666666,
      51.03333333333333,
      51.483333333333334,
      51.68333333333333,
      51.53333333333333,
      51.88333333333333
    ]
  }
}