{
  "config": {
    "run_name": "exp2",
    "out_dir": "./results",
    "seed": 6581909,
    "device": null,
    "bs_train": 128,
    "bs_test": 40,
    "batches": 150,
    "epochs": 50,
    "early_stopping": 15,
    "checkpoints": null,
    "lr": 0.03,
    "reg": 0.05,
    "filters_per_layer": [
      32,
      64,
      128
    ],
    "layers_per_block": 9,
    "pool_every": 15,
    "hidden_dims": [
      512,
      256,
      128
    ],
    "model_type": "ycn",
    "kw": {}
  },
  "results": {
    "num_epochs": 44,
    "train_loss": [
      2.264234882990519,
      2.1303840986887614,
      1.9682015458742776,
      1.85354754447937,
      1.7973687227567037,
      1.7626804081598917,
      1.7318120630582174,
      1.7152143335342407,
      1.6961654543876648,
      1.6671704490979513,
      1.6398536308606466,
      1.6145529047648113,
      1.5933178726832071,
      1.5740497946739196,
      1.5537346426645915,
      1.534105589389801,
      1.512172934214274,
      1.5069886048634846,
      1.4990470711390178,
      1.4784512718518574,
      1.4668775995572407,
      1.4613350574175517,
      1.4480350049336752,
      1.4486311666170757,
      1.438979308605194,
      1.428027905623118,
      1.4200792543093363,
      1.4163015659650167,
      1.4122411982218424,
      1.3995610562960308,
      1.3964002378781637,
      1.4000126179059347,
      1.396297639211019,
      1.4021935526529947,
      1.3896712334950765,
      1.3806317750612895,
      1.3760203544298808,
      1.366736551920573,
      1.3704806812604269,
      1.3679036657015482,
      1.3674464511871338,
      1.3549817856152853,
      1.359049285252889,
      1.3576300175984701
    ],
    "train_acc": [
      12.979166666666666,
      20.927083333333332,
      24.8125,
      27.651041666666668,
      29.817708333333332,
      31.203125,
      32.416666666666664,
      33.244791666666664,
      33.828125,
      34.994791666666664,
      35.776041666666664,
      37.161458333333336,
      38.104166666666664,
      39.317708333333336,
      40.729166666666664,
      41.963541666666664,
      43.21875,
      43.489583333333336,
      44.15625,
      45.130208333333336,
      45.28125,
      45.583333333333336,
      46.427083333333336,
      46.421875,
      46.828125,
      47.270833333333336,
      47.869791666666664,
      47.739583333333336,
      48.255208333333336,
      48.713541666666664,
      48.901041666666664,
      48.916666666666664,
      49.140625,
      48.807291666666664,
      49.40625,
      49.708333333333336,
      49.963541666666664,
      50.255208333333336,
      50.135416666666664,
      50.760416666666664,
      50.635416666666664,
      50.875,
      51.166666666666664,
      51.15625
    ],
    "test_loss": [
      2.3030560223261514,
      2.318011628786723,
      3.166400990486145,
      2.863509556452433,
      2.9172367095947265,
      2.506248761812846,
      2.025210164388021,
      1.851676630973816,
      1.7156162977218627,
      2.2383977778752646,
      1.8721158250172933,
      1.7778801687558492,
      1.769137077331543,
      1.8798291436831156,
      1.67378586769104,
      1.705144058863322,
      1.5888774657249451,
      1.7873495268821715,
      1.8109187285105388,
      1.9796490478515625,
      2.023533698717753,
      1.584882045586904,
      1.987392721970876,
      1.8026305786768595,
      1.5117680446306865,
      2.217047190666199,
      2.7645877035458883,
      2.2074974377950034,
      1.6025333531697592,
      2.322895433108012,
      1.947440063158671,
      1.8498959120114644,
      2.5433378807703653,
      1.9682290705045065,
      1.8120951819419862,
      2.4054366167386374,
      2.133048365910848,
      2.4459239435195923,
      2.121002426147461,
      1.6265902630488078,
      1.6009769956270854,
      2.0584470637639365,
      2.323705015977224,
      2.0607582728068032
    ],
    "test_acc": [
      9.983333333333333,
      10.05,
      10.05,
      11.3,
      12.083333333333334,
      16.466666666666665,
      26.333333333333332,
      29.05,
      35.03333333333333,
      22.333333333333332,
      29.066666666666666,
      33.833333333333336,
      34.983333333333334,
      28.7,
      35.36666666666667,
      35.11666666666667,
      38.8,
      32.96666666666667,
      33.35,
      32.13333333333333,
      30.133333333333333,
      40.18333333333333,
      33.0,
      33.85,
      44.05,
      23.95,
      22.283333333333335,
      31.783333333333335,
      44.233333333333334,
      30.283333333333335,
      30.133333333333333,
      32.36666666666667,
      26.216666666666665,
      34.86666666666667,
      34.516666666666666,
      28.55,
      32.43333333333333,
      37.38333333333333,
      32.15,
      42.45,
      43.71666666666667,
      35.65,
      34.63333333333333,
      32.483333333333334
    ]
  }
}