{
  "config": {
    "run_name": "exp2",
    "out_dir": "./results",
    "seed": 497097237,
    "device": null,
    "bs_train": 128,
    "bs_test": 40,
    "batches": 150,
    "epochs": 50,
    "early_stopping": 15,
    "checkpoints": null,
    "lr": 0.03,
    "reg": 0.05,
    "filters_per_layer": [
      32,
      64,
      128
    ],
    "layers_per_block": 3,
    "pool_every": 15,
    "hidden_dims": [
      512,
      256,
      128
    ],
    "model_type": "ycn",
    "kw": {}
  },
  "results": {
    "num_epochs": 42,
    "train_loss": [
      2.1066290672620136,
      1.8438701701164246,
      1.7512139240900675,
      1.67220272620519,
      1.62265043258667,
      1.5942634971936545,
      1.5667894395192463,
      1.5411991119384765,
      1.5155645751953124,
      1.4896934890747071,
      1.4768597475687664,
      1.4536817820866903,
      1.4420546078681946,
      1.4253366287549336,
      1.4063410274187724,
      1.3857629132270812,
      1.374309422969818,
      1.3593289319674173,
      1.3417872238159179,
      1.323820517063141,
      1.3125029389063518,
      1.2840785741806031,
      1.2836069774627685,
      1.2721776882807414,
      1.2543518916765848,
      1.2435775156815847,
      1.2426913066705068,
      1.2388022804260255,
      1.2271507080396016,
      1.2247640331586203,
      1.2085593072573344,
      1.2054220620791118,
      1.202038505077362,
      1.207763421535492,
      1.2009827987353008,
      1.1827645591894786,
      1.1829345369338988,
      1.1766390486558278,
      1.176855007012685,
      1.1716259837150573,
      1.1645904290676117,
      1.167960952123006
    ],
    "train_acc": [
      21.421875,
      30.307291666666668,
      33.770833333333336,
      36.885416666666664,
      39.135416666666664,
      40.557291666666664,
      41.380208333333336,
      42.427083333333336,
      43.453125,
      44.723958333333336,
      45.296875,
      46.28125,
      46.338541666666664,
      47.375,
      48.09375,
      48.6875,
      49.083333333333336,
      49.760416666666664,
      50.5625,
      51.125,
      51.427083333333336,
      52.354166666666664,
      52.510416666666664,
      53.020833333333336,
      54.104166666666664,
      54.005208333333336,
      54.328125,
      54.088541666666664,
      54.703125,
      54.838541666666664,
      55.796875,
      55.942708333333336,
      56.067708333333336,
      55.9375,
      56.140625,
      56.625,
      56.927083333333336,
      56.734375,
      56.96875,
      57.078125,
      57.651041666666664,
      57.354166666666664
    ],
    "test_loss": [
      3.0587539529800414,
      3.0024242925643922,
      2.3703330421447752,
      2.2272391359011334,
      1.7752442121505738,
      1.6592613689104716,
      1.6289989058176677,
      1.9237473241488139,
      1.6510256393750509,
      1.6950575518608093,
      1.596428611278534,
      1.699376729329427,
      1.6972974308331807,
      1.6637272946039836,
      1.4706467159589132,
      1.6694041188557942,
      1.5052122632662455,
      2.32426864306132,
      1.479485321044922,
      1.8348140255610148,
      1.7373868672053019,
      1.5618521316846212,
      1.5044768102963766,
      1.5600905386606851,
      1.4070246879259745,
      1.4408928267161052,
      1.2311058521270752,
      1.8771223894755045,
      3.0511428769429525,
      1.462342087427775,
      1.347648695309957,
      2.48039226214091,
      1.4319369951883951,
      1.8102420941988626,
      1.4661521434783935,
      1.5203562211990356,
      1.8639908043543498,
      1.6173661875724792,
      1.751291971206665,
      1.6164772995313008,
      1.5818490862846375,
      2.342858677705129
    ],
    "test_acc": [
      10.116666666666667,
      11.066666666666666,
      19.916666666666668,
      22.5,
      35.583333333333336,
      37.21666666666667,
      38.85,
      29.566666666666666,
      38.4,
      37.666666666666664,
      41.2,
      36.81666666666667,
      36.333333333333336,
      38.766666666666666,
      45.516666666666666,
      40.63333333333333,
      44.25,
      27.683333333333334,
      45.733333333333334,
      37.86666666666667,
      36.78333333333333,
      41.35,
      43.1,
      43.46666666666667,
      47.233333333333334,
      46.916666666666664,
      55.13333333333333,
      37.583333333333336,
      23.6,
      45.833333333333336,
      50.95,
      28.066666666666666,
      47.35,
      39.35,
      48.0,
      44.983333333333334,
      36.15,
      46.61666666666667,
      37.666666666666664,
      45.28333333333333,
      46.35,
      26.216666666666665
    ]
  }
}