{
  "config": {
    "run_name": "exp2_2",
    "out_dir": "./results",
    "seed": 1573246612,
    "device": null,
    "bs_train": 128,
    "bs_test": 40,
    "batches": 150,
    "epochs": 50,
    "early_stopping": 20,
    "checkpoints": null,
    "lr": 0.05,
    "reg": 0.01,
    "filters_per_layer": [
      256
    ],
    "layers_per_block": 4,
    "pool_every": 4,
    "hidden_dims": [
      512,
      256,
      128
    ],
    "model_type": "cnn",
    "kw": {}
  },
  "results": {
    "num_epochs": 50,
    "train_loss": [
      2.3027901713053387,
      2.3021176052093506,
      2.301678826014201,
      2.300988450050354,
      2.299140119552612,
      2.279447348912557,
      2.170698585510254,
      2.078159745534261,
      2.0044679069519042,
      1.9623527431488037,
      1.9143727986017862,
      1.8691640090942383,
      1.8297224831581116,
      1.795422956943512,
      1.7627916439374287,
      1.7362881294886272,
      1.7127398228645325,
      1.6856340448061624,
      1.6633773446083069,
      1.6567933249473572,
      1.6286764987309774,
      1.6105989837646484,
      1.5949559768040975,
      1.5778054189682007,
      1.5714813446998597,
      1.5566688903172812,
      1.539620542526245,
      1.5345950031280517,
      1.5273961043357849,
      1.5206159559885661,
      1.5157054869333904,
      1.498237444559733,
      1.4799304866790772,
      1.4812550258636474,
      1.4648834053675335,
      1.4625050576527914,
      1.4492612679799397,
      1.4385149526596068,
      1.4409620189666748,
      1.421741931438446,
      1.4184848674138386,
      1.428677404721578,
      1.3956962275505065,
      1.3897298391660053,
      1.3829298702875774,
      1.359469041824341,
      1.3539191460609437,
      1.3573887586593627,
      1.3309609921773276,
      1.3446195793151856
    ],
    "train_acc": [
      10.145833333333334,
      10.119791666666666,
      10.604166666666666,
      13.03125,
      16.026041666666668,
      14.53125,
      19.510416666666668,
      24.171875,
      26.5,
      28.520833333333332,
      30.953125,
      32.9375,
      34.453125,
      35.65625,
      36.713541666666664,
      38.057291666666664,
      38.729166666666664,
      39.947916666666664,
      40.755208333333336,
      41.052083333333336,
      42.114583333333336,
      42.677083333333336,
      43.354166666666664,
      43.947916666666664,
      44.291666666666664,
      44.760416666666664,
      45.260416666666664,
      45.385416666666664,
      45.744791666666664,
      46.1875,
      46.463541666666664,
      46.901041666666664,
      47.614583333333336,
      47.635416666666664,
      47.984375,
      48.484375,
      48.760416666666664,
      49.25,
      48.927083333333336,
      50.109375,
      49.916666666666664,
      50.114583333333336,
      51.119791666666664,
      51.09375,
      51.338541666666664,
      52.03125,
      52.354166666666664,
      52.458333333333336,
      53.317708333333336,
      52.901041666666664
    ],
    "test_loss": [
      2.3023206106821696,
      2.3019440746307374,
      2.301494272549947,
      2.3005128971735638,
      2.2972855615615844,
      2.2434339793523153,
      2.1086964503924053,
      1.9947626662254334,
      1.9375906173388164,
      1.8819924505551655,
      1.8246656092007956,
      1.790582590897878,
      1.7626835211118062,
      1.7282304565111797,
      1.6895803014437358,
      1.6612899971008301,
      1.6390875204404196,
      1.6195359969139098,
      1.5912817176183065,
      1.582199505964915,
      1.5595502010981241,
      1.6005799023310343,
      1.5238524945576986,
      1.6628991532325745,
      1.5412104034423828,
      1.5081374049186707,
      1.6579816524187725,
      1.4941441949208578,
      1.5253523484865825,
      1.885608032544454,
      1.4971816150347392,
      1.503175277709961,
      1.4753914491335551,
      1.476377944946289,
      1.4809943207105,
      1.480645357767741,
      1.45336434284846,
      1.7658504064877827,
      1.526125214099884,
      1.6435233934720357,
      1.456399773756663,
      1.5082553537686665,
      1.5153422673543295,
      1.4956279071172078,
      1.8134577703475951,
      1.4834337870279948,
      1.5987831099828085,
      1.5769113556543985,
      1.4793948022524517,
      1.5021894645690919
    ],
    "test_acc": [
      10.05,
      10.05,
      10.25,
      15.033333333333333,
      15.883333333333333,
      12.3,
      23.933333333333334,
      27.45,
      29.433333333333334,
      31.65,
      34.13333333333333,
      35.75,
      37.25,
      39.03333333333333,
      40.733333333333334,
      41.35,
      41.983333333333334,
      42.6,
      43.61666666666667,
      43.916666666666664,
      44.75,
      43.666666666666664,
      46.13333333333333,
      42.43333333333333,
      45.78333333333333,
      46.68333333333333,
      43.21666666666667,
      46.86666666666667,
      46.4,
      37.55,
      46.61666666666667,
      46.6,
      47.85,
      47.733333333333334,
      47.65,
      47.86666666666667,
      48.28333333333333,
      41.06666666666667,
      46.333333333333336,
      43.333333333333336,
      48.61666666666667,
      47.3,
      46.6,
      47.18333333333333,
      39.983333333333334,
      47.55,
      45.31666666666667,
      46.21666666666667,
      48.53333333333333,
      47.96666666666667
    ]
  }
}