{
  "config": {
    "run_name": "exp2",
    "out_dir": "./results",
    "seed": 1190625644,
    "device": null,
    "bs_train": 128,
    "bs_test": 40,
    "batches": 150,
    "epochs": 50,
    "early_stopping": 15,
    "checkpoints": null,
    "lr": 0.03,
    "reg": 0.05,
    "filters_per_layer": [
      32,
      64,
      128
    ],
    "layers_per_block": 12,
    "pool_every": 15,
    "hidden_dims": [
      512,
      256,
      128
    ],
    "model_type": "ycn",
    "kw": {}
  },
  "results": {
    "num_epochs": 50,
    "train_loss": [
      2.284564464886983,
      2.169728469848633,
      2.0919737005233765,
      2.043545712629954,
      2.0194979190826414,
      2.008870910803477,
      1.9921940469741821,
      1.984194521109263,
      1.9754914546012878,
      1.9747556845347087,
      1.9658037622769673,
      1.959853974978129,
      1.95480930407842,
      1.9510605223973592,
      1.9525515111287435,
      1.9441450421015423,
      1.938030662536621,
      1.9379931886990864,
      1.9384569549560546,
      1.9332708764076232,
      1.9303141967455546,
      1.9246907234191895,
      1.9277675731976827,
      1.923766717116038,
      1.9186957502365112,
      1.916587277253469,
      1.9166346915562948,
      1.9134267449378968,
      1.909664257367452,
      1.9132326420148213,
      1.9071541825930278,
      1.9103347595532736,
      1.9066539931297302,
      1.9082773756980895,
      1.9072367612520853,
      1.9072944617271423,
      1.9086279169718425,
      1.9021996649106343,
      1.9023155458768208,
      1.899111967086792,
      1.9011970750490825,
      1.8995634746551513,
      1.897848310470581,
      1.8940496301651002,
      1.9015324449539184,
      1.8949396363894144,
      1.89506578207016,
      1.8919003677368165,
      1.8941685700416564,
      1.889708677927653
    ],
    "train_acc": [
      10.427083333333334,
      16.197916666666668,
      19.489583333333332,
      19.963541666666668,
      19.864583333333332,
      19.40625,
      19.208333333333332,
      19.098958333333332,
      19.046875,
      19.119791666666668,
      19.203125,
      19.598958333333332,
      19.671875,
      19.53125,
      20.057291666666668,
      19.927083333333332,
      19.869791666666668,
      20.161458333333332,
      20.026041666666668,
      20.161458333333332,
      20.359375,
      20.307291666666668,
      20.385416666666668,
      20.213541666666668,
      20.333333333333332,
      20.432291666666668,
      20.5,
      20.489583333333332,
      20.473958333333332,
      20.869791666666668,
      21.026041666666668,
      20.682291666666668,
      20.828125,
      21.020833333333332,
      20.78125,
      20.802083333333332,
      20.729166666666668,
      21.286458333333332,
      21.223958333333332,
      20.848958333333332,
      21.197916666666668,
      21.390625,
      21.25,
      21.588541666666668,
      21.401041666666668,
      21.276041666666668,
      21.411458333333332,
      21.234375,
      21.411458333333332,
      21.614583333333332
    ],
    "test_loss": [
      2.3022102371851605,
      2.3058631292978924,
      2.3154205306371054,
      2.3272786776224774,
      2.338006188074748,
      2.345982864697774,
      2.3517332665125528,
      2.202348337173462,
      2.1283712498346965,
      2.070765051841736,
      2.1762541977564496,
      2.07123588959376,
      2.1104177618026734,
      2.041084986527761,
      1.9861699342727661,
      2.0237850181261696,
      1.9520056422551473,
      1.9688152599334716,
      2.1639676094055176,
      2.0022015674908955,
      1.972542417049408,
      2.017704381942749,
      1.9750297300020854,
      1.9727355106671651,
      1.9506717268625895,
      2.302027513186137,
      2.147097905476888,
      1.983806365331014,
      1.9302925626436869,
      1.9957482330004375,
      2.0470034782091777,
      2.06044887304306,
      1.9170870804786682,
      1.932759216626485,
      2.1396722261110943,
      1.9739802583058674,
      2.004481699466705,
      1.905955191453298,
      2.0868718202908836,
      2.052126170794169,
      1.937194451491038,
      2.2896645776430766,
      1.9903677368164063,
      1.9520605866114298,
      2.1481617728869122,
      1.9426001969973246,
      2.02603568315506,
      1.9070987351735433,
      2.1568605637550355,
      2.068383116722107
    ],
    "test_acc": [
      10.083333333333334,
      10.05,
      10.05,
      10.05,
      10.05,
      10.05,
      10.05,
      14.516666666666667,
      17.133333333333333,
      18.733333333333334,
      15.233333333333333,
      17.016666666666666,
      17.683333333333334,
      18.333333333333332,
      18.966666666666665,
      19.366666666666667,
      19.2,
      19.6,
      15.45,
      18.783333333333335,
      18.85,
      17.816666666666666,
      19.733333333333334,
      18.5,
      19.966666666666665,
      12.616666666666667,
      13.983333333333333,
      20.816666666666666,
      22.466666666666665,
      19.8,
      20.05,
      20.0,
      21.15,
      23.166666666666668,
      13.266666666666667,
      19.6,
      20.8,
      24.183333333333334,
      16.583333333333332,
      20.233333333333334,
      22.416666666666668,
      15.45,
      20.083333333333332,
      20.3,
      17.233333333333334,
      23.966666666666665,
      18.333333333333332,
      21.45,
      16.216666666666665,
      18.866666666666667
    ]
  }
}