{
  "config": {
    "run_name": "exp2",
    "out_dir": "./results",
    "seed": 1891494318,
    "device": null,
    "bs_train": 128,
    "bs_test": 40,
    "batches": 150,
    "epochs": 50,
    "early_stopping": 15,
    "checkpoints": null,
    "lr": 0.03,
    "reg": 0.05,
    "filters_per_layer": [
      32,
      64,
      128
    ],
    "layers_per_block": 6,
    "pool_every": 15,
    "hidden_dims": [
      512,
      256,
      128
    ],
    "model_type": "ycn",
    "kw": {}
  },
  "results": {
    "num_epochs": 50,
    "train_loss": [
      2.20396542708079,
      1.8918063322703043,
      1.7985621333122253,
      1.7372245573997498,
      1.7057537674903869,
      1.6839326802889507,
      1.657210665543874,
      1.637389959494273,
      1.6166352287928263,
      1.5995624748865764,
      1.593608631292979,
      1.5867088381449381,
      1.5727969098091126,
      1.5693670105934143,
      1.5518553042411805,
      1.5465266108512878,
      1.538985763390859,
      1.5301265470186869,
      1.520333914756775,
      1.5064323552449543,
      1.5072773226102194,
      1.48776540517807,
      1.4718602832158407,
      1.4620718550682068,
      1.4544955865542093,
      1.4470978196461994,
      1.4487295619646707,
      1.4489355119069418,
      1.4323261483510334,
      1.4336324763298034,
      1.4208051284154257,
      1.4248248147964477,
      1.4218065945307414,
      1.3988258028030396,
      1.410013727347056,
      1.397309897740682,
      1.3930885457992555,
      1.3924196108182272,
      1.3847070344289143,
      1.4119768675168356,
      1.3758178083101908,
      1.3772114785512288,
      1.3771359690030416,
      1.379468666712443,
      1.3626395201683044,
      1.3626848149299622,
      1.3607225513458252,
      1.372949488957723,
      1.354585092862447,
      1.3510128871599834
    ],
    "train_acc": [
      16.807291666666668,
      27.09375,
      30.802083333333332,
      33.78125,
      34.473958333333336,
      35.536458333333336,
      36.802083333333336,
      37.15625,
      37.713541666666664,
      38.395833333333336,
      38.515625,
      38.859375,
      39.411458333333336,
      39.703125,
      39.760416666666664,
      40.1875,
      40.510416666666664,
      40.84375,
      41.744791666666664,
      41.911458333333336,
      42.307291666666664,
      43.380208333333336,
      43.489583333333336,
      44.005208333333336,
      44.729166666666664,
      44.776041666666664,
      44.953125,
      45.421875,
      45.322916666666664,
      45.927083333333336,
      46.244791666666664,
      46.270833333333336,
      46.526041666666664,
      47.057291666666664,
      46.833333333333336,
      47.328125,
      47.677083333333336,
      47.182291666666664,
      47.692708333333336,
      47.322916666666664,
      48.354166666666664,
      47.854166666666664,
      48.385416666666664,
      48.458333333333336,
      48.84375,
      49.291666666666664,
      49.09375,
      48.682291666666664,
      49.546875,
      49.489583333333336
    ],
    "test_loss": [
      2.9284182929992677,
      3.3944942506154376,
      3.381754299799601,
      3.0254314676920573,
      3.482018321355184,
      2.4942988189061484,
      2.226448771158854,
      1.7419062145551045,
      2.327587602933248,
      1.9633736761411031,
      2.1012456305821736,
      2.9347535880406697,
      2.079218892256419,
      2.4494189008076988,
      2.2400525546073915,
      2.0534217246373494,
      1.888255654970805,
      1.8173509550094604,
      2.355861802895864,
      2.8724385992685955,
      1.6480491097768148,
      1.8994397950172424,
      1.6332737358411153,
      1.8102544379234313,
      2.076377114454905,
      1.5726095978418986,
      1.5859594535827637,
      2.602043550014496,
      3.354047867457072,
      1.5872951785723368,
      2.1052054969469705,
      3.0959855063756305,
      1.6423474049568176,
      3.2951249408721925,
      1.5675890239079793,
      2.0324872875213624,
      2.0459216332435606,
      2.4297026705741884,
      1.5719903413454692,
      2.14918372074763,
      2.4962125317255657,
      1.9381129868825278,
      1.6804976924260457,
      1.6550129127502442,
      1.531684432029724,
      1.5173940420150758,
      3.066081992785136,
      1.7354913624127706,
      1.5509245276451111,
      1.5366135295232137
    ],
    "test_acc": [
      10.05,
      10.05,
      10.116666666666667,
      12.683333333333334,
      12.0,
      18.2,
      22.6,
      32.833333333333336,
      22.8,
      27.45,
      27.133333333333333,
      20.383333333333333,
      25.933333333333334,
      23.883333333333333,
      27.083333333333332,
      27.6,
      29.433333333333334,
      34.3,
      24.883333333333333,
      19.583333333333332,
      38.483333333333334,
      31.4,
      39.016666666666666,
      32.18333333333333,
      28.6,
      38.916666666666664,
      41.233333333333334,
      24.383333333333333,
      17.6,
      40.96666666666667,
      29.933333333333334,
      19.1,
      41.15,
      12.766666666666667,
      41.7,
      31.283333333333335,
      27.816666666666666,
      26.716666666666665,
      42.55,
      29.85,
      24.05,
      31.683333333333334,
      38.483333333333334,
      40.916666666666664,
      45.31666666666667,
      44.2,
      18.35,
      36.5,
      43.43333333333333,
      43.083333333333336
    ]
  }
}